ecfp_feature_1,ecfp_feature_4,ecfp_feature_15,ecfp_feature_33,ecfp_feature_36,ecfp_feature_64,ecfp_feature_73,ecfp_feature_80,ecfp_feature_90,ecfp_feature_114,ecfp_feature_121,ecfp_feature_128,ecfp_feature_136,ecfp_feature_138,ecfp_feature_147,ecfp_feature_175,ecfp_feature_216,ecfp_feature_219,ecfp_feature_237,ecfp_feature_255,ecfp_feature_283,ecfp_feature_301,ecfp_feature_310,ecfp_feature_314,ecfp_feature_322,ecfp_feature_333,ecfp_feature_356,ecfp_feature_361,ecfp_feature_378,ecfp_feature_386,ecfp_feature_389,ecfp_feature_407,ecfp_feature_428,ecfp_feature_429,ecfp_feature_456,ecfp_feature_484,ecfp_feature_486,ecfp_feature_511,ecfp_feature_512,ecfp_feature_561,ecfp_feature_650,ecfp_feature_656,ecfp_feature_659,ecfp_feature_695,ecfp_feature_698,ecfp_feature_699,ecfp_feature_718,ecfp_feature_726,ecfp_feature_730,ecfp_feature_739,ecfp_feature_741,ecfp_feature_767,ecfp_feature_807,ecfp_feature_809,ecfp_feature_816,ecfp_feature_831,ecfp_feature_841,ecfp_feature_842,ecfp_feature_849,ecfp_feature_875,ecfp_feature_881,ecfp_feature_893,ecfp_feature_896,ecfp_feature_904,ecfp_feature_926,ecfp_feature_935,ecfp_feature_985,ecfp_feature_1019,pic50,smiles
0,0,1,1,4,0,1,2,1,0,0,1,0,4,0,0,0,0,0,1,0,0,0,2,0,0,9,0,2,0,0,0,1,1,0,0,0,1,0,0,2,2,0,1,0,1,0,4,0,0,0,0,0,0,1,1,1,0,5,0,1,0,0,1,7,1,0,0,4.61,CO[C@]1(CC23CCC(CC2)(CO3)NCc4ccc5OCC(=O)Nc5n4)CN6C(=O)C=Cc7ncc(F)c1c67
0,0,1,3,0,0,1,3,0,0,2,0,0,0,0,0,0,0,0,0,0,0,0,0,0,0,9,0,4,0,0,0,1,0,2,1,0,0,0,0,0,2,0,0,3,0,0,0,0,0,0,1,0,0,0,1,0,0,3,2,0,0,0,0,4,2,0,0,4.5,Cc1oc2cc3CCN(CCCSc4nnc(c5ocnc5C)n4C)CCc3cc2n1
0,0,1,2,0,1,0,1,0,1,0,2,0,0,0,0,0,0,0,1,0,4,0,0,0,0,4,1,3,0,0,0,2,3,0,0,1,2,0,0,2,0,0,0,0,0,0,2,0,2,0,0,2,1,0,0,0,0,6,1,1,2,0,3,6,1,0,3,5.01,CN(C)c1ncc(cn1)[C@@H]2CC[C@H](CC2)N3CC(C3)NC(=O)CNC(=O)c4cccc(c4)C(F)(F)F
0,6,0,0,0,0,0,3,0,0,1,0,0,0,0,0,0,0,0,0,0,0,0,0,1,0,2,0,0,0,0,1,1,0,4,0,0,0,0,0,0,0,0,1,0,0,2,4,0,0,0,1,0,0,0,0,0,0,5,0,0,0,0,0,10,2,0,0,6.1,C(COc1ccc(cc1)N2CCCCC2)CN3CCCCC3
0,0,0,2,3,1,0,0,0,0,0,0,1,0,1,0,0,0,0,0,0,0,0,0,0,0,6,0,2,0,0,0,1,0,0,0,0,0,0,0,0,3,0,0,0,1,0,3,0,0,0,0,0,0,0,0,0,1,6,1,2,0,1,1,3,0,0,0,5.0,CC1(C)Oc2ccc(cc2C3(COC(=N3)N)C14COC4)c5cccnc5F
0,0,0,1,1,0,1,3,1,0,2,1,0,0,0,0,0,0,2,1,0,2,0,2,2,0,8,0,2,0,0,0,1,0,2,0,0,1,1,0,2,1,0,1,0,0,1,4,0,0,0,1,0,0,0,1,1,0,6,1,1,0,0,0,5,2,0,1,4.46,COc1ccc2N=CC(=O)N(CCN3CCC(CC3)NCc4ccc5OCC(=O)Nc5n4)c2c1
0,1,0,4,0,0,1,2,0,1,1,0,0,0,0,0,0,1,0,0,0,1,1,0,0,0,4,0,1,0,0,0,0,0,1,0,0,0,0,0,0,0,0,0,0,0,0,4,1,0,0,0,0,0,0,2,0,0,5,1,0,0,0,0,3,1,0,1,5.17,C[C@@H]1CCCN1CCc2ccc3nc(ccc3c2)C(C)(C)C
1,0,0,1,1,0,0,0,0,1,0,1,0,0,0,1,0,0,0,0,0,1,0,0,0,0,3,0,1,0,0,0,1,3,1,0,0,1,0,0,1,1,0,1,0,0,0,1,0,0,0,0,1,1,0,0,1,0,2,1,0,1,0,4,10,1,1,5,4.3,COC1COCCC1N[C@@H]2C[C@H]3C[C@H](F)C[C@]3(C2)C(=O)N4CCc5ncc(cc5C4)C(F)(F)F
0,2,0,2,0,0,0,1,1,1,0,0,1,0,0,0,0,1,0,0,0,1,0,1,0,0,6,0,3,0,0,0,1,3,1,0,0,0,1,0,1,0,0,1,1,0,0,2,0,0,0,0,0,0,0,0,1,0,6,1,0,0,1,3,4,3,0,1,4.66,COc1cc(ccc1n2cnc(C)c2)c3cn(nn3)[C@H]4CCCCN(CC(F)(F)F)C4=O
0,0,0,2,1,0,0,7,1,0,0,0,0,1,0,0,1,1,0,0,0,2,0,1,1,0,6,0,0,0,0,0,1,0,0,1,2,0,0,0,1,0,1,3,0,2,0,2,2,0,0,0,2,1,2,0,2,0,6,4,1,2,0,2,5,0,0,2,5.3,COCCCc1cc(CN(C2CC2)C(=O)C3CNCCC3(O)c4ccc(F)c(F)c4)cc(OCCOC)c1
0,0,0,0,0,0,0,1,0,0,0,1,0,0,1,0,0,0,2,0,1,2,1,1,0,1,9,0,0,0,0,0,0,0,2,0,1,0,0,1,2,3,1,0,0,1,0,2,2,0,1,1,1,0,1,0,0,0,6,4,2,1,0,1,5,1,0,1,7.98,Fc1cc2C(=O)C=C(Oc2cc1Cl)C(=O)NC3CCN(Cc4ccc5OCOc5c4)CC3
0,0,0,1,0,2,0,0,4,0,1,0,1,0,0,2,0,0,0,1,0,0,0,0,0,1,9,1,2,2,0,0,0,0,0,0,0,1,0,0,0,0,0,0,0,1,0,6,0,0,0,0,0,0,0,1,0,0,11,0,0,0,2,1,3,1,0,2,6.5,Cn1cc(cn1)[C@H]2N[C@H](Cc3c2[nH]c4ccccc34)c5nc(c[nH]5)c6ccc(F)cc6
1,0,0,0,0,6,0,1,0,1,0,2,0,0,0,4,0,1,2,0,0,2,0,0,0,0,5,0,0,0,2,0,0,3,2,0,0,0,0,0,1,0,0,0,0,0,0,9,1,0,1,1,1,1,0,0,0,0,17,0,0,1,0,3,4,2,0,1,5.42,FC(F)(F)c1ccc(cc1)n2ccc(CN3CCC(CC3)NC(=O)NC(c4ccccc4)c5ccccc5)c2
0,0,1,0,0,3,0,2,0,0,2,0,0,0,0,4,1,0,0,0,0,0,0,1,0,0,5,0,0,0,0,0,0,0,2,0,0,0,0,1,2,0,1,0,0,0,0,4,0,0,0,1,0,0,0,0,0,0,8,1,0,0,0,0,4,3,0,0,5.5,Clc1cccc(c1)N2CCN(CCN3Cc4ccccc4C3)C2=O
0,1,0,0,2,0,0,0,0,0,0,0,2,2,1,0,0,0,0,0,0,0,0,0,0,0,5,0,3,0,0,0,0,0,0,0,0,2,0,0,0,2,0,0,0,0,0,2,0,0,0,0,0,0,0,0,0,0,6,1,1,0,1,0,5,0,0,0,5.28,NC1=NC2(CO1)c3cc(ccc3OCC24CCC4)c5cncnc5
0,1,0,1,0,2,1,1,1,0,1,0,0,0,0,2,0,0,0,0,0,1,2,0,0,0,6,0,1,2,0,0,0,0,1,0,0,0,0,0,0,0,1,0,0,1,0,6,1,1,1,0,0,0,0,1,0,0,8,0,0,0,0,1,4,2,0,1,6.14,CN1CCC[C@H](C1)c2nc3ccccc3n2Cc4ccc(F)cc4
0,2,0,1,0,2,1,0,0,0,0,0,0,0,0,2,0,0,0,0,0,4,0,1,1,1,6,0,1,0,1,0,0,0,2,0,0,0,0,0,1,0,0,1,1,0,2,6,0,0,0,0,0,0,0,1,0,0,8,0,0,0,0,0,8,2,0,2,5.0,CC1=Nc2ccccc2C(=O)N1c3ccc(OC4CCN(CC4)C5CCCC5)cc3
0,0,0,1,0,0,0,1,0,0,0,1,0,0,0,0,1,0,0,1,0,0,0,0,1,0,6,0,1,0,0,0,0,0,0,1,0,0,0,3,0,0,3,1,0,0,1,4,0,0,0,0,0,0,1,0,0,0,6,2,0,0,0,0,0,0,0,0,5.51,CNCc1cc(Cl)ccc1Oc2ccc(Cl)c(Cl)c2
1,0,0,0,0,3,0,1,0,0,0,0,0,0,0,2,0,0,2,0,0,4,0,0,1,0,4,0,1,0,2,0,0,0,4,0,0,0,0,2,1,0,2,1,0,0,1,4,0,0,0,1,2,0,0,0,0,1,8,1,0,1,0,0,8,2,0,2,4.5,OC(=O)C(N1CCC(CN2CCC(CC2)Oc3ccc(Cl)c(Cl)c3)CC1)c4ccccc4
0,0,0,0,0,3,0,1,0,0,0,0,0,0,1,2,0,0,0,0,0,2,0,0,1,0,3,1,1,0,1,0,0,0,0,0,0,2,0,0,1,0,1,1,0,0,0,2,1,0,1,0,1,0,0,0,0,0,8,1,0,1,0,0,4,1,0,3,5.82,NC(=O)c1cncc(O[C@H]2C[C@H]3CC[C@@H](C2)N3Cc4ccccc4)c1
1,0,0,3,0,3,0,2,1,0,1,0,0,0,0,2,0,0,1,0,2,1,0,0,0,0,2,0,0,0,0,0,0,0,0,0,0,0,0,0,1,0,0,0,0,0,0,2,0,0,0,0,1,1,0,0,0,0,4,0,1,1,0,0,3,0,0,1,4.7,CCCN([C@H]1CCNC1)C(=O)c2ccccc2C(C)C
0,0,0,0,0,1,0,3,0,0,1,0,0,0,0,0,0,1,0,0,0,0,3,1,0,0,6,0,0,0,0,0,0,0,4,0,0,0,0,0,3,1,0,0,0,0,0,6,2,0,0,1,1,0,0,0,0,0,7,1,0,1,0,0,5,2,1,0,5.89,[O-][N+](=O)c1ccc(CCN2CCN(CC2)C(=O)Cc3ccc4C(=O)OCc4c3)cc1
1,0,1,0,1,1,0,2,0,0,0,1,0,0,0,0,0,0,0,0,0,0,0,0,0,1,8,1,4,0,0,0,3,0,0,0,0,2,0,1,1,0,1,1,0,0,0,4,0,2,0,1,2,0,0,0,0,0,8,0,1,1,0,0,2,2,0,1,5.1,OC1CN(C[C@H](Oc2ncnc3c2cnn3c4c(Cl)cccc4C#N)C(=O)Nc5ccc(cn5)C#N)C1
0,0,2,2,0,2,1,3,0,0,2,0,0,0,0,0,0,1,0,0,0,0,0,1,0,1,8,0,1,0,1,1,0,0,4,2,0,0,0,0,1,1,0,0,1,0,0,6,0,0,0,1,0,0,0,1,0,0,8,0,0,0,0,0,5,3,0,0,5.3,CN1C(=O)COc2c(CCCN3CCN(CC3)c4cccc5nc(C)ccc45)cccc12
0,0,0,1,0,2,0,2,1,0,1,1,0,0,0,4,0,1,0,0,0,0,0,0,0,1,7,0,0,0,0,0,0,0,0,0,0,0,0,0,1,0,0,0,1,0,0,4,0,0,0,1,2,0,0,0,0,0,7,1,0,1,0,0,2,1,0,0,5.32,Cc1[nH]c2ccccc2c1CCN3Cc4ccc(\C=C\C(=O)NO)cc4C3
0,0,0,2,1,2,0,2,1,0,0,0,1,2,0,2,0,0,0,0,0,0,0,0,0,0,5,1,0,0,0,0,0,0,0,0,0,0,0,0,1,1,0,0,0,0,0,6,0,0,0,0,1,0,0,0,0,0,9,0,2,1,2,0,4,0,0,0,5.1,CCN(CC)C(=O)c1ccc(cc1)C2=CC3(CCNCC3)Oc4ccccc24
0,0,1,2,1,4,1,3,0,0,2,0,0,0,0,2,0,0,0,0,0,0,0,0,0,1,7,0,3,0,2,0,0,0,0,1,0,0,0,0,0,0,0,0,2,0,0,6,0,1,0,1,0,0,0,1,0,0,10,0,1,0,0,0,3,2,0,1,5.3,Cc1ccc2c(cccc2n1)c3nnc(SCCCN4CC5CC5(C4)c6ccccc6)n3C
0,3,0,1,1,1,0,1,1,0,0,0,0,2,0,0,0,0,0,2,0,2,0,3,0,0,8,0,2,0,0,0,2,1,2,0,0,0,0,0,3,0,0,0,1,0,0,5,0,0,1,1,0,0,0,0,0,1,9,1,0,0,0,0,9,3,0,1,6.0,O=C1C2(N(C(=O)N1c3ccc(cc3)C4CCCCC4)C5=CC(=O)N=CN5)CCN(Cc6c(cccn6)C)CC2
0,0,0,0,1,3,0,1,1,0,0,1,2,2,1,2,0,0,0,0,0,0,0,1,0,0,7,1,1,0,1,1,1,0,2,0,1,1,0,0,2,1,0,0,0,0,0,6,0,0,0,0,1,0,0,0,0,1,11,1,0,1,1,0,5,1,0,0,5.5,Nc1ccc(cc1NC(=O)c2ccc(nc2)N3CCC4(CC3)CNC(=O)O4)c5ccccc5
0,0,0,1,0,2,0,3,0,0,1,2,0,0,0,2,0,0,0,0,0,0,0,0,0,0,7,0,2,0,0,0,0,0,2,0,1,0,1,0,1,2,0,1,0,1,0,4,0,0,0,1,1,0,1,0,1,0,7,1,0,1,0,1,4,1,0,0,4.8,COc1cc(NC(=O)c2ccccc2F)ccc1c3oc(NCCCN4CCOCC4)nn3
0,2,1,1,0,1,0,0,0,0,0,2,0,1,2,0,0,0,0,0,0,2,0,0,0,0,5,0,2,0,0,0,1,0,0,0,0,1,0,0,1,0,0,0,1,0,0,2,0,0,0,0,1,0,0,1,0,0,5,1,0,1,0,0,4,0,0,2,5.2,Cc1cccc(Nc2nc(N[C@H]3CCCC[C@H]3N)ncc2C(=O)N)c1
1,0,1,2,0,5,1,2,0,0,1,1,0,0,0,4,0,0,0,0,0,2,0,0,0,0,4,0,1,0,1,0,0,0,0,0,0,0,0,0,1,0,0,0,1,0,0,4,0,1,0,0,1,0,0,1,0,0,9,0,0,1,0,0,4,2,0,3,5.82,CC(=O)N[C@@H](CCN1[C@@H]2CC[C@H]1C[C@H](C2)n3c(C)nc4ccccc34)c5ccccc5
0,0,0,0,1,3,0,2,1,1,0,0,0,2,0,2,0,0,0,0,0,2,0,0,0,0,4,0,1,0,1,0,0,3,0,0,0,0,0,0,0,0,0,1,0,0,0,2,0,0,0,0,0,1,0,1,0,0,8,2,0,0,0,3,6,0,0,1,5.26,FC(F)(F)c1cc(COCC2(CCNCC2)c3ccccc3)nc(c1)C4CC4
0,0,0,1,0,3,0,6,1,0,0,0,0,0,0,2,0,0,0,0,0,1,2,1,0,0,5,0,1,0,1,0,0,0,1,0,0,1,0,0,1,0,2,0,0,0,0,6,2,0,2,0,1,0,0,0,0,0,11,0,0,0,0,0,2,2,0,2,6.72,C(#N)c1ccc(cc1)Cn2c(cnc2)C[NH+](C3C(=O)N(Cc4ccccc4)CC3)CCCC
0,0,0,3,0,2,0,0,0,0,0,1,0,0,0,1,0,0,0,0,1,0,0,0,0,0,8,0,3,0,0,1,2,0,4,2,0,2,1,1,1,0,1,1,0,0,0,3,0,0,1,0,1,0,0,1,1,0,9,1,1,1,0,0,4,3,1,1,4.8,COc1cc(ccc1Nc2ncc(Cl)c(n2)c3cnc4ccccn34)N5CCN(CC5)C(=O)N(C)C
0,0,0,0,0,3,0,2,1,0,0,0,1,0,1,2,0,0,0,0,0,0,1,0,2,0,9,1,1,0,1,0,1,0,4,0,0,0,0,0,1,0,0,1,0,0,0,4,1,0,1,1,1,0,0,0,0,0,10,2,0,1,0,0,5,2,1,0,5.27,NC(=O)N1CCN(Cc2ccc3c(Cc4c(n[nH]c34)c5csc(c5)C#CCOc6ccccc6)c2)CC1
0,0,2,1,1,2,0,0,0,0,0,0,2,0,1,0,0,0,0,0,0,0,0,0,1,0,9,0,3,0,0,0,0,0,0,2,0,2,1,0,0,0,0,1,1,1,3,8,0,0,0,0,0,0,1,1,1,0,14,1,0,0,0,1,0,0,0,0,6.3,COc1ccc(cc1)C2(N=C(N)c3c(F)cccc23)c4cccc(c4)c5cncnc5
0,0,0,0,1,5,0,0,1,0,0,0,1,0,0,4,0,0,0,0,0,1,0,0,0,1,5,0,0,0,1,0,0,0,0,0,0,0,0,0,0,0,0,0,0,0,0,4,0,0,0,0,0,0,0,0,0,0,9,0,0,0,1,1,3,0,0,2,5.96,FC1C(c2c(-c3ccccc3)[nH]c4c2cccc4)C[NH2+]CC1
0,0,0,0,0,3,0,2,0,0,1,0,0,0,0,2,0,1,2,0,0,2,0,0,0,0,4,0,0,1,1,0,0,0,2,2,0,0,0,0,2,0,0,0,0,2,1,4,0,0,0,1,0,0,1,0,0,0,8,1,0,0,0,2,4,1,0,1,6.0,Fc1ccc(CCN2CCC(CC2)S(=O)(=O)c3ccccc3)c(F)c1
0,0,1,2,0,5,0,3,1,0,1,0,2,0,0,3,0,0,2,0,0,2,2,0,0,0,11,0,6,1,1,1,2,0,6,2,0,1,0,0,0,0,1,0,0,0,0,7,1,0,1,2,0,0,0,3,0,1,15,1,1,0,2,0,8,3,0,1,5.68,CN(C)CCN1CCN(CC1)c2ncc3cc(c4ccccc4)c(nc3n2)c5ccc(CN6CCC(CC6)c7nnc([nH]7)c8ccccn8)cc5
0,0,0,0,0,4,0,3,0,1,1,1,0,0,0,3,0,1,0,1,0,0,2,1,0,0,6,0,1,0,0,0,1,3,0,0,0,0,0,0,2,0,0,0,0,0,0,7,1,0,0,0,1,1,0,0,0,1,12,0,0,1,0,3,0,1,0,1,5.07,FC(F)(F)c1ccc(CNC(=O)C2N(CCc3ccccn3)C(=O)c4ccccc24)cc1
0,0,0,2,0,0,0,2,0,1,0,0,0,0,0,0,0,0,2,0,0,2,4,0,0,0,4,0,0,0,0,0,0,3,2,0,0,0,0,0,3,0,1,0,0,0,0,8,2,0,1,1,1,2,0,0,0,0,8,0,1,1,0,3,4,1,0,3,5.52,CN(C1CCN(Cc2ccc(cc2)C(F)(F)F)CC1)C(=O)Cc3ccc(cc3)S(=O)(=O)C
1,1,1,4,0,2,1,1,0,0,0,0,0,0,0,0,0,0,0,0,2,1,0,1,1,0,8,0,3,0,0,0,1,0,1,1,0,0,1,0,1,0,0,1,2,1,0,4,0,1,0,0,0,0,0,1,1,1,8,1,0,0,0,0,4,3,0,1,4.3,COc1cccc(c1)n2cc3N=C(N(C[C@H]4CCCN(C4)C(C)C)C(=O)c3n2)c5cccnc5C
0,0,0,0,0,3,0,3,0,0,1,0,0,0,0,2,0,0,0,0,0,1,0,1,2,0,5,0,0,0,1,0,2,0,2,0,0,0,0,0,1,1,0,2,0,0,2,8,1,0,0,1,0,0,0,0,0,0,12,1,0,0,0,0,4,2,0,0,8.0,O=C1C=C(OCc2ccccc2)C=CN1c3ccc(OCCN4CCOCC4)cc3
0,1,0,0,0,1,0,1,0,1,0,0,0,0,0,0,0,0,2,0,0,2,3,1,1,0,6,0,2,0,0,0,1,0,3,0,0,0,0,0,1,0,1,1,0,0,2,5,1,0,1,1,0,0,0,1,0,1,7,0,0,0,0,0,7,2,0,1,5.0,O=C1CCCN1C2CCN(Cc3ccc(Oc4nc5ncccc5s4)cc3)CC2
1,3,1,0,1,0,0,2,1,0,1,2,0,2,2,0,1,0,0,0,0,0,1,0,0,1,5,0,2,0,0,1,2,0,4,0,0,0,0,1,1,0,1,0,0,0,0,5,0,1,0,1,1,0,2,0,0,0,7,0,0,1,0,0,9,2,0,0,4.53,NC1(CCN(CC1)c2ncnc3[nH]ccc23)C(=O)N[C@@H](CCN4CCCCC4)c5ccc(Cl)cc5
1,0,0,0,0,5,1,0,0,0,0,1,0,0,0,4,0,0,0,1,0,2,0,0,0,0,6,1,3,0,1,0,0,0,2,0,0,0,0,0,1,1,0,0,0,0,0,6,0,0,0,0,1,0,0,3,0,0,11,0,0,1,0,0,5,1,1,3,5.59,O=C(NC1CC1c2ccccc2)N3CCC(CC3)c4onc(n4)c5ccc6ccccc6n5
0,0,0,1,1,4,0,1,0,0,0,0,0,4,0,4,0,0,0,0,0,0,0,0,0,0,5,1,1,3,0,0,0,0,4,1,0,0,1,0,1,0,0,2,0,0,0,6,0,0,1,1,1,0,0,0,1,2,12,0,0,1,0,0,8,2,1,0,7.34,COc1ccccc1Oc2ccccc2CN3CCC4(CC3)CCN(CC4)C(=O)c5ccncc5
0,0,0,2,0,0,0,10,0,0,0,0,0,0,0,0,1,1,0,0,0,0,2,0,0,0,2,0,0,0,0,0,0,0,0,0,0,0,0,1,0,0,1,0,0,0,0,4,1,0,0,0,0,0,2,0,0,0,4,0,1,0,0,0,0,0,0,0,7.28,CCCCCCCN(CC)CC#CCCc1ccc(Cl)cc1
1,0,0,3,0,2,0,2,0,0,0,0,0,0,0,2,0,1,0,0,1,0,0,0,0,1,5,0,1,0,0,0,1,0,0,0,0,0,0,0,0,0,0,0,0,0,0,2,0,0,0,0,0,0,0,0,0,1,6,0,1,0,0,0,0,0,0,0,5.3,CC(c1nccs1)c2c(CCN(C)C)sc3ccccc23
0,0,0,1,0,0,0,0,1,0,1,0,1,0,0,0,0,0,0,0,0,0,0,0,0,0,5,0,2,0,0,0,2,0,0,0,1,2,0,0,0,0,0,0,0,0,0,3,0,2,0,0,0,0,0,1,0,0,7,1,0,0,1,0,3,2,0,2,7.9,CN1C[C@@H]2C[C@H]1CN2c3cnc(cn3)c4ccc5[nH]ccc5c4
0,0,1,0,0,1,0,2,0,1,0,1,0,0,0,0,2,0,2,0,0,2,0,0,0,0,5,1,0,0,0,0,0,3,2,0,1,0,0,2,1,0,2,1,0,0,0,2,1,0,1,1,1,1,0,0,0,0,7,4,0,1,0,3,4,1,0,1,6.32,FC(F)(F)c1cccc(CN2CCC(CNC(=O)c3cc(Cl)cc(Cl)c3)CC2)c1
0,1,0,0,0,3,0,2,0,0,0,1,0,0,0,2,0,0,0,0,0,1,0,0,0,0,4,0,1,0,1,0,0,0,5,1,0,0,0,2,1,0,3,0,0,0,0,4,1,1,1,2,1,0,0,0,0,0,8,1,0,1,0,0,8,3,1,1,6.25,Clc1ccc(NC(=O)N2CCN(C[C@@H]3CCCN(Cc4ccccc4)C3)CC2)cc1Cl
0,0,1,0,0,1,0,2,0,1,0,1,1,0,0,0,0,0,0,0,0,0,0,0,0,0,6,2,3,0,0,0,2,3,0,0,1,3,0,0,1,1,0,1,0,0,0,4,0,0,0,0,1,0,0,0,0,0,9,0,1,1,0,3,2,0,0,1,5.2,FC(F)(F)CCOc1ccc(cn1)C(=O)N[C@@H]2COc3cccc(c3C2)c4cncnc4
0,1,0,0,1,0,0,1,0,0,0,2,0,0,0,0,2,0,0,0,0,1,0,0,0,0,7,2,1,0,1,1,1,0,1,0,2,1,0,2,3,0,2,0,0,0,0,8,0,1,0,0,5,0,2,0,0,0,10,1,0,3,0,0,4,1,1,1,5.0,OC(=O)C1CCCN(C1)C(=N)c2ccc(cc2)C(=O)Nc3ccc(Cl)cc3C(=O)Nc4ccc(Cl)cn4
1,0,0,0,0,2,0,3,3,0,1,0,0,0,0,2,1,0,2,0,0,2,0,1,0,0,7,0,0,4,1,0,0,0,2,0,0,0,0,0,1,0,0,0,0,2,0,10,0,1,0,1,0,0,0,0,0,0,12,0,0,0,0,2,4,2,0,1,7.3,Fc1ccc(cc1)C(CCCN2CCC(CC2)N3C(=O)Nc4ccccc34)c5ccc(F)cc5
1,0,0,7,0,0,0,6,2,2,1,1,0,0,0,0,1,0,1,0,0,1,0,0,0,1,8,1,0,4,1,0,0,0,1,0,1,0,1,0,1,0,0,1,0,2,0,8,0,2,0,1,1,0,0,0,1,0,10,2,0,2,0,2,3,1,0,1,7.0,COc1c(cc(cc1C(C)(C)C)C(=O)NCC2CCN(CCCCCC(c3ccc(F)cc3)c4ccc(F)cc4)C2)C(C)(C)C
0,0,1,0,0,1,0,2,0,1,1,0,0,0,0,0,0,0,2,1,0,2,0,0,0,1,7,0,3,0,0,0,3,3,2,0,0,0,0,0,0,0,0,1,0,1,0,3,0,0,2,1,0,1,0,0,0,0,8,0,0,0,0,4,4,2,0,1,6.5,Fc1c(Cn2ccc3c(OC4CCN(Cc5cscn5)CC4)ncnc23)cccc1C(F)(F)F
0,0,0,0,0,0,0,2,2,0,2,0,0,0,0,0,1,0,2,0,0,2,0,1,0,1,7,0,0,2,0,0,0,0,3,0,0,0,0,1,1,0,1,0,0,1,0,6,0,0,0,1,0,0,1,0,0,1,8,1,0,0,0,1,6,4,0,1,7.85,Fc1ccc(cc1)n2cc(C3CCN(CCN4CCNC4=O)CC3)c5cc(Cl)ccc25
1,0,0,1,0,0,0,2,0,0,0,1,0,0,0,0,1,0,0,0,0,0,0,0,1,0,4,0,0,0,0,1,1,0,4,2,0,0,0,1,2,0,1,1,0,0,2,8,0,0,0,1,1,0,2,0,0,0,8,0,0,0,0,0,4,2,0,0,6.3,CS(=O)(=O)Nc1ccc(OC[C@@H](O)CN2CCN(CC2)c3ccc(Cl)cc3)cc1
0,0,0,3,0,0,0,0,1,0,0,0,0,0,0,0,0,0,0,0,0,2,0,1,0,2,7,0,1,0,1,1,0,0,2,0,0,0,1,0,2,0,0,1,0,1,0,0,0,1,0,0,2,0,1,0,1,0,2,1,0,1,0,1,6,2,0,2,3.9,COc1c(N2CCNC(C)C2)c(F)cc3C(=O)C(=CN(C4CC4)c13)C(=O)O
0,0,0,1,0,0,0,1,0,1,0,0,0,0,0,0,0,0,0,0,0,0,0,0,1,0,7,0,4,0,0,1,3,3,2,1,0,2,0,0,0,1,0,1,0,1,0,2,0,1,0,0,0,1,2,0,0,0,5,1,0,0,0,4,3,2,0,1,4.96,C[C@@H]1CN(CCN1c2ncc(OCc3ccc(cc3F)C#N)cn2)c4oc(nn4)C(F)(F)F
0,1,0,0,0,0,0,0,1,0,0,0,0,0,0,0,0,0,0,0,0,4,0,1,1,0,5,1,0,2,0,0,0,0,4,0,0,0,0,0,2,0,0,1,0,1,2,8,0,0,0,0,1,0,0,0,0,0,8,0,0,1,0,1,10,3,1,2,4.5,C(=O)(c1ccc(F)cc1)N2CC(=O)N(c3ccc(OC4CCN(C5CCC5)CC4)cc3)CC2
0,3,0,0,0,0,0,0,1,0,0,0,2,0,0,0,0,0,0,0,0,2,1,1,0,0,6,0,2,0,0,1,1,0,4,0,0,1,0,0,1,0,0,0,0,0,0,2,0,0,0,0,0,0,0,1,0,0,5,1,0,0,1,0,9,2,0,1,3.49,O=C1C=CC(c2cc3c(nc(N4CCC(N5CCCCC5)CC4)s3)nc2)=CN1
0,0,0,3,0,0,1,2,0,0,1,1,0,1,1,0,0,0,0,0,0,0,0,0,0,1,9,0,1,0,0,1,2,0,4,2,1,1,0,0,1,0,0,2,1,1,0,2,0,0,0,0,1,0,1,0,1,0,6,3,0,2,0,1,4,2,0,0,4.52,COCCOc1cc2ncc(C(=O)N)c(Nc3ccc(C)cc3F)c2cc1N4CCN(C)CC4
0,0,0,3,1,0,0,1,1,0,0,1,1,0,0,0,2,0,0,0,0,0,0,0,0,0,11,0,2,0,0,0,0,1,0,0,1,0,0,3,1,1,3,0,0,0,0,6,0,0,0,0,1,0,3,1,0,0,9,3,0,1,2,0,1,0,0,1,5.92,CCc1cc(n[nH]1)C(=O)N[C@@H]2CC(C)(C)Oc3nc(c4ccc(Cl)cc4Cl)c(cc23)c5ccc(Cl)cc5
0,0,0,2,0,0,0,5,1,0,1,0,0,0,0,0,0,1,0,1,0,3,0,2,0,0,6,0,0,0,0,0,0,0,0,0,1,0,0,2,2,0,2,1,0,0,0,1,1,0,0,0,1,1,0,0,1,0,5,3,1,1,0,0,5,1,0,3,5.3,COCCCc1cc(Cl)c(Cl)c(CN(C2CC2)C(=O)[C@H]3CNCC[C@@H]3C4=CC(=O)N(C)C=C4)c1
0,0,1,0,0,3,0,4,0,0,1,1,0,0,0,2,0,0,0,0,0,0,0,0,1,0,6,0,1,0,0,1,1,0,4,2,1,1,0,2,1,0,2,0,0,0,0,4,0,0,0,1,1,0,0,2,0,0,9,1,0,2,0,0,4,2,0,0,6.7,Clc1cccc(N2CCN(CCCCNC(=O)c3cc4ccccc4cn3)CC2)c1Cl
0,0,1,0,0,4,0,0,1,0,0,0,0,0,0,2,0,0,0,2,0,1,0,1,0,0,8,1,1,0,1,0,0,0,1,0,0,1,0,0,1,1,0,0,0,0,0,6,0,0,0,0,0,0,0,0,0,0,14,2,1,0,1,0,4,2,0,2,6.49,O=C1[C@H]2CCN1C(c3ccccc3)c4cccc(Oc5cc(Cn6cncc6CN2)ccc5C#N)c4
1,2,0,4,2,5,1,0,0,0,0,1,2,2,0,4,0,0,1,0,1,2,0,0,0,0,3,0,0,1,1,0,0,0,4,0,0,1,1,1,2,0,0,1,0,0,0,4,0,0,0,0,2,0,0,0,1,0,9,0,0,2,0,0,11,2,3,2,5.0,COc1ccccc1[C@@H](C)N[C@@H]2CC[C@@H](C(=O)N3CCC(CC3)(C(=O)N4CCCC4)c5ccccc5)C(C)(C)C2
0,0,1,1,0,1,0,3,0,1,2,0,2,0,0,0,0,1,0,0,0,0,0,0,0,0,5,0,2,0,0,0,0,3,4,0,0,0,0,0,0,0,0,0,0,0,0,2,0,0,0,1,0,1,0,2,0,0,5,2,0,0,0,3,4,2,0,0,6.0,CN1CCN(CCCc2cc(nc(n2)C#N)c3cccc(c3)C(F)(F)F)CC1
1,0,2,2,0,1,0,3,1,0,0,1,0,0,0,0,0,0,0,0,0,2,2,0,0,0,6,1,0,2,0,0,0,0,4,0,0,0,0,0,2,0,1,0,0,1,0,10,1,0,1,1,2,0,0,0,0,0,12,1,1,2,0,1,6,2,0,1,4.96,CCN(CC)C(=O)c1ccc(cc1)[C@@H](N2CCN(Cc3ccc(F)cc3)CC2)c4cccc(NC(=O)C5CC5)c4
2,0,0,4,0,0,1,1,0,0,1,1,2,0,0,0,0,0,1,0,4,0,0,1,0,0,13,1,2,1,0,1,1,0,0,0,1,1,0,0,2,2,0,1,0,1,0,8,0,2,0,0,2,0,0,1,0,0,12,3,0,1,3,1,1,1,0,1,4.52,CC(C)Oc1ccc(F)cc1c2ccc(nc2)N3CC(CNC(=O)c4ccc(cc4)c5oc6c(cc(cc6n5)C#N)C(C)C)OC3=O
1,0,0,1,1,3,0,0,1,2,0,1,0,2,0,2,0,0,0,1,1,4,0,0,0,0,6,0,0,2,1,0,0,6,2,0,0,0,0,0,1,0,0,0,0,1,0,6,0,0,0,0,1,2,0,0,0,0,12,3,0,1,0,7,8,1,0,2,7.4,CC(C(=O)N[C@@]1(CC[C@H](CC1)N2CCC(CC2)c3ccc(F)cc3)c4ccccc4)c5cc(cc(c5)C(F)(F)F)C(F)(F)F
0,0,0,1,1,2,0,2,1,0,0,1,0,1,0,2,1,1,0,0,0,0,0,0,0,0,8,0,1,0,0,0,0,0,0,1,0,0,0,1,1,1,1,0,0,2,0,4,0,0,0,0,2,0,2,0,0,0,7,1,0,1,0,2,3,0,0,1,4.82,CC(=O)NCCc1ccccc1c2onc([C@H]3CNCC[C@]3(O)c4ccc(F)c(F)c4)c2Cl
0,0,1,3,0,1,0,6,0,0,0,0,0,0,0,0,0,2,0,0,0,0,0,2,2,0,6,0,0,0,0,0,2,0,0,0,0,0,0,0,0,0,0,2,2,0,4,10,0,0,0,0,0,0,0,0,0,0,13,0,0,0,2,0,0,0,0,0,7.07,Cc1ccc(OCCCc2cccc(CCCOc3ccc(C)cc3)[n+]2C)cc1
0,0,0,1,1,0,0,0,2,0,0,0,1,0,0,0,0,0,0,0,0,0,0,0,0,0,7,0,3,2,0,0,1,0,0,3,0,3,0,0,0,0,0,0,0,2,0,6,0,1,0,0,0,0,0,0,0,0,10,1,0,0,0,2,0,0,0,1,5.0,C(#N)c1cc(C2=N[C@H]([C@@](c3cnc(F)cc3)(c4ccc(F)cc4)N2)C)cnc1
0,0,0,0,0,3,0,2,0,0,1,1,0,0,0,2,0,1,0,0,0,1,1,0,0,1,7,0,1,0,0,1,0,0,4,2,1,0,0,0,1,1,0,0,0,0,0,5,2,0,0,1,1,0,0,0,0,0,10,1,0,1,0,0,6,2,0,1,7.5,O=C(NC1CCc2ccc(CCN3CCN(CC3)c4nsc5ccccc45)cc12)c6occc6
0,0,1,1,0,1,1,1,0,0,0,0,0,0,1,0,0,0,0,0,0,0,0,0,1,0,7,0,1,0,0,0,0,0,2,0,0,0,1,0,0,0,0,1,0,0,0,2,1,0,1,1,0,0,0,1,1,0,6,3,0,0,0,0,4,1,0,0,5.18,COc1cccc(CN2CCc3cc4nc(N)sc4cc3CC2)c1
0,0,0,1,0,3,0,4,0,0,0,0,0,0,1,2,1,0,0,1,1,0,0,0,0,0,5,0,0,1,1,0,0,0,0,0,0,0,0,0,1,0,0,0,0,2,0,4,0,0,0,0,1,0,2,0,0,0,9,1,1,1,0,2,1,1,0,1,5.89,CN(CCCN)C(=O)N1CC(=C[C@H]1c2ccccc2)c3cc(F)ccc3F
1,0,1,0,2,1,0,2,1,0,0,0,0,2,0,0,1,0,0,0,0,0,0,1,0,0,7,0,0,1,0,0,1,0,2,0,0,0,0,1,1,1,1,1,0,0,0,4,0,0,0,1,1,0,1,0,0,0,6,1,1,0,0,0,7,1,0,0,6.3,O[C@H](COc1cccc2CCC(=O)Nc12)CN3CCC4(CC3)Cc5cc(Cl)ccc5O4
1,0,0,3,0,0,0,1,0,0,0,1,0,0,0,0,0,0,0,0,2,0,0,0,0,0,7,0,3,0,0,1,2,0,4,2,1,2,0,0,1,0,0,0,1,1,0,4,0,0,0,0,2,0,1,1,0,0,6,0,0,1,0,1,4,3,1,0,4.74,CC(C)n1c(C)ncc1c2nc(Nc3ccc(cc3)N4CCN(CC4)C(=O)CO)ncc2F
0,0,1,0,0,1,0,0,1,0,0,0,0,0,0,0,0,0,0,1,0,0,0,0,0,0,6,0,1,2,0,0,1,0,0,0,0,1,0,0,2,0,0,0,0,2,0,8,0,0,0,0,0,0,0,0,0,0,11,1,0,0,0,2,0,0,0,0,5.0,Fc1ccc(\C=C\c2ccc(cn2)S(=O)(=O)c3cccc(F)c3)cc1
0,1,0,4,0,2,1,2,0,0,1,0,0,0,1,2,0,0,0,0,0,2,0,2,0,1,10,0,2,0,1,1,0,0,1,1,0,0,0,0,2,0,0,0,1,0,0,2,0,1,1,0,1,0,0,2,0,0,4,0,0,0,0,0,4,4,0,2,5.17,CN1C(=O)N(Cc2nc(C)c3ccccc3n2)C(=O)c4c1c(C#N)c(N5CCC[C@H](N)C5)n4CC=C(C)C
0,0,0,3,1,0,1,1,1,0,0,1,0,2,0,0,0,0,0,0,0,2,0,0,0,0,5,0,1,0,0,2,0,0,4,2,0,0,0,1,1,0,1,0,0,1,0,0,0,0,0,1,1,0,0,1,0,0,2,2,0,1,0,0,8,2,0,1,5.0,CCN1CCN(CC1)c2cc3[nH]c(S[C@@]4(C)CC[C@@H](CC4)NC(=O)C)nc3cc2Cl
2,0,0,3,0,0,0,0,0,0,1,1,2,0,0,0,0,0,1,1,2,0,0,0,0,0,4,0,1,0,0,0,1,0,0,0,0,1,0,0,2,0,0,0,0,1,0,6,0,2,0,0,0,0,0,0,0,0,7,0,0,0,3,1,2,1,0,2,6.0,CC(C)S(=O)(=O)N[C@H]1CN(C)C[C@@H]1c2ccc(cc2)c3ccc(F)nc3
0,0,1,2,0,1,0,3,0,0,1,1,0,0,0,0,1,1,0,1,0,0,2,0,2,0,6,1,0,0,0,0,0,0,0,0,1,0,2,1,1,0,1,2,0,0,4,10,1,2,0,1,1,0,0,2,2,0,12,1,0,1,0,0,2,1,0,2,7.55,COc1ccc(CCN2C[C@H](CNC(=O)c3cccc(Cl)c3)[C@H](C2)c4ccc(OC)cc4)cc1
1,0,0,0,0,5,0,1,1,0,0,0,0,0,0,4,0,0,0,0,0,0,0,0,0,0,3,0,0,0,1,0,0,0,2,0,0,0,0,0,0,0,0,0,0,0,0,4,0,0,0,0,2,0,0,0,0,0,9,0,0,0,0,0,4,1,0,0,5.0,Oc1ccccc1C[C@@H](N2CCNCC2)c3ccccc3
1,1,1,0,0,3,0,2,0,0,0,0,0,0,0,1,0,0,2,1,0,4,0,0,0,0,4,0,1,0,1,0,1,0,2,1,0,1,0,0,1,0,0,0,0,1,0,3,0,2,0,1,2,0,0,0,0,0,9,1,0,1,0,1,9,3,0,4,5.57,OC(=O)[C@@H](CC1CCC1)N2C[C@H](CN3CCC(CC3)c4cnc5ccccn45)[C@H](C2)c6cccc(F)c6
2,0,0,1,0,0,0,0,1,0,0,0,2,0,1,0,0,0,0,0,1,1,0,0,0,0,4,0,0,2,0,0,0,0,1,0,0,0,0,0,1,0,0,0,0,1,0,8,0,1,0,0,1,0,0,0,0,0,8,0,0,1,4,2,3,2,1,1,5.96,F[C@H]1CCN(C1)C(=O)[C@@H](N)[C@@H](C)c2ccc(cc2)-c3ccc(F)cc3
0,0,0,0,1,0,0,2,0,1,0,2,0,2,0,0,0,0,0,0,0,2,0,0,0,1,5,0,2,0,0,0,1,3,0,0,0,1,0,0,1,0,0,0,0,0,0,3,0,2,0,0,2,1,0,1,0,1,7,1,0,1,0,3,6,1,0,2,4.48,O[C@@]1(CC[C@H](CC1)N2CC(C2)NC(=O)CNc3nccc4ccc(cc34)C(F)(F)F)c5cncs5
0,0,0,2,0,0,1,0,2,0,0,0,0,0,0,0,0,1,0,0,0,0,0,1,0,1,9,0,2,1,1,0,1,0,0,0,0,0,1,0,1,0,0,1,1,1,0,4,0,0,0,0,0,0,0,1,1,0,8,2,0,0,0,1,0,1,0,0,5.0,COc1cc(\C=C\C2=Nc3ccc(F)cc3C(=O)N2)ccc1n4cnc(C)c4
1,3,0,0,0,5,0,0,0,1,0,0,0,0,0,2,0,0,0,0,0,0,0,0,0,0,3,0,2,0,1,0,0,0,2,0,0,2,0,0,0,0,0,0,0,0,0,4,0,0,0,0,1,0,0,0,0,2,13,0,0,0,0,0,5,1,0,0,4.85,OC(C(N1CCCCC1)c2ccccc2)(c3cccnc3)c4cccnc4
1,0,0,3,0,8,1,1,0,0,0,2,1,0,0,6,0,0,0,0,2,0,0,0,0,1,8,0,1,0,3,0,0,0,4,0,1,0,0,0,2,0,0,1,0,0,0,6,0,0,1,1,2,0,0,1,1,1,14,0,1,2,0,0,4,2,0,0,6.1,COC(=O)N(NC(=O)c1c(CN2CCN(CC2)C(C)C)c(nc3ccccc13)c4ccccc4)c5ccccc5
1,1,0,3,1,0,0,1,0,0,0,1,0,0,0,0,0,0,0,0,1,0,0,0,3,0,7,2,2,0,0,0,2,0,2,0,1,2,0,0,2,0,0,3,1,0,2,4,0,1,0,0,2,0,0,0,1,0,9,3,0,2,0,0,4,1,1,0,4.74,COC[C@H](C)Oc1cc(Oc2ccc(cc2)C(=O)N3CCC3)cc(c1)C(=O)Nc4cnc(C)cn4
0,0,0,13,3,0,0,1,0,0,0,0,0,1,0,0,0,0,0,0,0,0,0,2,0,0,4,0,0,0,0,0,0,0,0,0,0,0,0,0,2,3,0,3,0,0,0,0,0,1,0,0,5,0,0,0,1,0,0,0,1,0,0,0,4,0,0,15,4.1,CCC1OC(=O)C(C)C(OC2CC(C)(OC)C(O)C(C)O2)C(C)C(OC3OC(C)CC(C3O)N(C)C)C(C)(O)CC(C)C(=O)C(C)C(O)C1(C)O
0,3,0,2,0,0,1,2,0,0,0,0,0,0,0,0,1,0,0,0,0,2,2,0,0,0,7,0,1,0,0,0,0,0,0,2,0,0,0,1,0,0,2,0,2,0,0,4,1,0,1,0,0,0,2,1,0,0,6,2,0,0,0,0,5,1,0,1,5.0,Cc1cc2nc(CC3CCCCC3)n(Cc4ccc(Cl)cc4)c2cc1C
0,0,1,0,0,1,0,2,0,0,0,0,0,0,0,0,0,0,2,0,0,4,0,0,0,1,6,0,1,0,0,0,0,0,2,0,0,0,0,1,0,1,1,0,0,0,0,2,0,0,1,1,1,0,0,1,0,0,5,0,0,0,0,0,9,2,0,2,5.6,OC1CCN(Cc2csc(n2)c3cn(CC4CCOCC4)c5c(Cl)cccc35)CC1
0,0,1,0,1,1,1,2,0,0,0,1,0,0,0,0,0,0,2,1,0,2,0,1,0,0,8,0,2,0,0,0,2,0,2,0,0,2,0,0,1,2,0,0,0,1,0,2,0,0,0,1,1,0,1,0,0,0,5,1,2,0,0,1,7,2,0,1,3.62,O[C@@]1(CN2CCC(CC2)NCc3cc4OCCOc4cn3)CN5C(=O)C=Cc6ncc(F)c1c56
0,2,1,0,0,3,0,4,0,0,1,2,0,0,0,2,0,0,0,0,0,0,0,0,1,1,5,0,0,0,0,0,1,0,2,0,0,0,0,0,3,0,0,1,0,0,2,8,0,0,0,1,1,0,0,1,0,0,12,0,0,1,0,0,4,1,0,0,4.0,O=C(Nc1cccc2ccccc12)NS(=O)(=O)c3ccc(OCCCN4CCCC4)cc3
1,0,0,1,0,0,0,2,0,1,1,1,0,0,0,0,0,0,2,0,0,2,0,1,1,0,6,0,1,0,0,0,0,3,2,0,1,0,0,2,3,0,2,1,0,0,1,2,0,0,0,1,2,1,0,0,0,0,5,2,0,1,0,3,4,2,0,1,4.9,CN1C=C(C(=O)NC[C@@H](O)CN2CCC(CC2)Oc3ccc(Cl)c(Cl)c3)C(=CC1=O)C(F)(F)F
0,0,2,1,0,2,0,6,0,0,2,0,0,0,0,0,1,0,0,0,0,0,0,0,1,0,4,0,0,0,0,2,0,0,8,4,0,0,1,1,1,0,1,1,0,0,0,5,0,0,0,2,0,0,0,0,1,0,8,2,0,2,0,0,8,4,0,0,5.9,COc1cccc(c1)N2CCN(CCCCCCN3CCN(CC3)c4cccc(Cl)c4)CC2
1,0,1,4,0,1,0,2,0,1,0,1,0,0,0,0,0,0,0,0,2,3,0,1,0,0,3,1,0,0,0,0,0,3,1,0,1,0,0,0,4,0,0,0,0,0,0,2,0,0,0,0,1,2,0,0,0,0,4,1,1,1,1,3,5,1,0,4,4.1,CCS(=O)(=O)C[C@@H]1C[C@@H](CC[C@@H]1N2CC[C@H](NC(=O)c3cccc(c3)C(F)(F)F)C2=O)N(C)C(C)C
0,0,1,3,0,1,0,0,0,0,0,0,0,0,0,0,0,0,0,0,0,0,0,0,0,0,6,0,0,0,0,0,0,0,0,0,0,0,0,0,0,0,0,0,2,0,0,10,0,0,0,0,0,0,0,0,0,0,11,0,0,0,2,0,0,0,0,0,6.55,Cc1ccc(cc1)C#Cc2cccc(C#Cc3ccc(C)cc3)[n+]2C
0,1,0,1,0,0,0,2,0,0,2,0,2,0,0,0,0,0,0,0,0,1,0,1,0,0,6,0,0,0,0,0,0,0,2,0,0,0,0,0,1,0,0,0,0,0,0,6,0,0,0,0,0,0,0,0,0,0,7,1,0,0,3,0,5,2,1,1,6.85,C[C@@H]1CCCN1CCN2CCc3cc(ccc3C2=O)c4ccc(cc4)C#N
0,0,1,2,0,1,1,2,0,1,1,3,0,0,0,0,0,0,0,1,0,0,0,0,0,1,7,0,1,0,0,1,1,3,4,2,0,1,0,1,1,0,0,0,0,0,0,2,1,0,0,0,1,1,0,0,0,0,8,4,0,1,0,3,4,2,0,0,4.09,CCNC(=O)Nc1cccc(CNc2cc(cc3ncc(cc23)N4CCN(C)CC4)C(F)(F)F)c1
0,0,1,1,0,2,0,0,0,0,0,1,2,0,0,0,0,0,0,0,0,2,0,1,0,1,8,0,2,0,0,0,2,0,0,0,1,1,0,0,4,0,0,0,0,0,0,5,0,0,0,0,1,0,0,0,0,1,11,1,0,1,1,0,2,1,0,1,4.87,CS(=O)(=O)c1ccc(cn1)c2cccc(c2)N3C=C(C(=O)NC4CC4)C(=O)c5cccnc35
0,0,1,1,0,1,0,2,0,0,1,0,0,0,1,0,1,0,0,0,0,4,0,0,0,0,3,1,1,0,0,0,1,0,0,0,0,0,0,1,1,0,1,0,0,0,0,2,1,0,0,0,1,1,0,0,0,0,6,1,1,1,0,0,4,1,0,2,4.18,Cn1cnc(c1)C(=O)N(Cc2cccc(Cl)c2)[C@@H]3CC[C@H](N)CC3
0,0,0,2,0,0,0,1,0,0,1,1,0,0,0,0,0,0,0,0,0,5,0,0,0,1,5,2,0,0,0,0,0,0,0,0,0,0,0,0,2,1,0,0,0,0,0,2,0,0,0,0,2,0,0,0,0,0,3,1,1,2,0,0,9,1,0,3,4.48,CN(CC(=O)NC1CC1)C(=O)c2ccc3c(c2)c4C[C@@H](CCc4n3C)C5CCOCC5
0,0,0,2,0,1,0,4,0,0,2,0,0,0,0,0,0,2,0,0,0,0,1,1,0,0,8,2,0,0,0,0,0,0,4,0,0,0,1,0,1,1,0,1,1,0,0,4,1,0,0,2,0,0,0,0,1,0,5,1,0,0,0,0,5,2,0,0,6.0,COc1cc(CCN2CCN(CCc3ccc4C(=O)OCc4c3C)CC2)ccc1C#N
3,0,0,4,0,0,0,0,1,1,0,0,0,0,0,0,0,0,0,0,2,0,0,0,0,2,5,0,0,0,0,0,0,0,0,0,0,0,0,0,0,0,0,2,0,0,0,4,0,0,0,0,1,0,0,0,0,0,10,1,0,0,0,2,0,0,0,1,4.38,C(O)(C1C=CC([C@@H](c2cc(OC(C)C)c(OC(F)F)cc2)c3cc[n+]([O-])cc3)=CN1)(C)C
0,2,0,0,1,0,1,0,0,0,0,1,0,2,0,0,0,0,0,0,0,2,0,0,0,0,3,0,2,0,0,1,0,0,4,2,0,2,0,0,2,0,0,0,0,0,0,1,0,0,0,0,2,0,0,1,0,1,3,0,0,2,0,0,10,2,1,2,4.0,O=C(NC1(CC1)C#N)[C@@H]2CCCC[C@H]2C(=O)N3CCN(CC3)c4nc5ccncc5s4
0,0,1,3,1,3,0,1,0,0,0,0,0,0,1,2,0,0,0,0,0,0,0,0,0,1,8,0,3,2,0,1,0,0,2,1,0,0,2,0,0,0,0,2,0,0,0,4,0,1,1,0,0,0,0,2,2,0,7,0,0,0,0,0,3,3,0,1,4.32,COc1ccccc1N2CCN(Cc3nc4c5cccc(OC)c5nc(N)n4n3)[C@H](C)C2
0,0,0,1,0,0,0,0,0,1,0,0,3,0,1,0,0,0,0,0,0,0,0,0,0,0,7,0,2,0,0,0,2,3,0,0,0,2,0,0,2,0,0,0,0,0,0,6,0,0,0,0,1,1,0,0,0,0,9,1,0,0,3,3,0,0,0,0,5.33,CS(=O)(=O)c1ccc(cc1)c2cnc(N)c(c2)c3ccc(nc3)C(F)(F)F
0,1,0,1,0,2,0,2,0,0,1,0,0,0,0,2,1,0,0,0,0,1,2,1,0,2,6,0,1,0,0,0,0,0,1,0,1,0,0,1,1,0,1,0,0,0,0,6,1,0,0,0,0,0,2,0,0,0,8,0,0,0,0,0,3,2,0,1,6.7,CN1CCC[C@@H]1CN2N=C(Cc3ccc(Cl)cc3)c4ccccc4C2=O
1,0,0,3,0,3,0,0,0,0,0,0,1,0,0,2,0,0,0,0,0,0,0,0,0,1,6,0,3,0,1,1,1,0,1,0,0,0,0,0,0,2,0,0,0,0,0,4,0,2,1,0,0,0,0,3,0,0,7,0,0,0,0,0,5,2,0,3,5.4,C[C@@H]1CN(C[C@H](C)O1)c2nc(N3CCOC[C@@H]3C)c4ccc(nc4n2)c5ccccc5
2,0,0,3,0,4,0,2,0,0,0,0,0,0,0,3,0,1,0,0,1,0,0,0,0,0,5,0,1,0,0,0,1,0,0,0,0,0,0,0,0,0,0,0,0,0,0,3,0,0,0,0,0,0,0,0,0,1,8,0,1,0,0,0,1,0,0,0,6.05,C[C@H](C1=C(CCN(C)C)Cc2ccccc12)c3ccccn3
0,0,0,2,0,2,0,4,0,0,1,0,0,0,0,2,0,0,0,0,0,0,0,1,1,1,7,0,0,1,0,1,1,0,4,2,0,0,1,0,1,1,0,2,1,0,1,4,0,0,0,1,0,0,0,0,1,0,9,2,0,1,0,0,4,2,0,0,7.51,COc1ccccc1N2CCN(CCCCOc3ccc4C(=CC(=O)Oc4c3)C)CC2
0,0,0,0,0,0,0,3,1,0,1,1,0,0,0,0,0,0,2,1,0,2,2,0,0,0,4,0,0,2,0,0,0,0,2,0,0,0,0,0,1,0,0,0,0,1,0,8,1,0,0,1,2,1,0,0,0,0,8,0,1,1,0,1,4,1,0,3,5.1,OCCN1CCC(CC1)N(C(=O)NCc2ccc(F)cc2)c3ccc(Br)cc3
0,3,0,0,0,0,0,3,1,0,1,1,0,0,0,0,0,0,0,0,0,0,2,0,0,0,3,0,2,2,0,0,0,0,2,0,0,0,0,0,0,0,1,0,0,1,0,4,1,0,1,1,0,0,0,0,0,0,5,0,0,0,0,1,5,2,0,0,5.0,Fc1ccc(Cn2cc(NCCN3CCCCC3)nn2)cc1
0,2,0,0,1,3,0,0,0,0,0,0,0,3,0,2,0,0,0,0,0,2,0,0,0,0,1,1,0,0,1,0,0,0,7,0,0,0,0,0,2,0,0,0,0,0,0,2,0,0,0,0,2,0,0,0,0,0,5,0,0,2,0,0,15,4,3,1,4.48,O=C(N1CCCN(CC1)C2CCC2)N3CCC4(CCN(CC4)C(=O)c5ccccc5)C3
0,0,0,0,1,0,0,0,1,0,0,0,0,0,0,0,0,0,0,0,0,0,0,1,0,0,3,0,1,0,0,0,0,0,0,1,0,0,0,2,0,0,2,0,0,0,0,2,0,0,0,0,0,0,0,0,0,0,3,1,0,0,0,0,3,0,0,1,5.0,Clc1ccc(cc1Cl)C23CNCC2C3
0,0,0,2,0,0,1,1,0,1,0,1,0,0,1,0,1,0,0,0,0,1,1,0,0,1,5,0,2,0,0,1,0,0,1,0,0,0,0,0,0,0,0,0,0,0,0,2,1,1,0,0,0,0,0,2,0,0,3,1,0,0,0,1,3,1,0,1,5.6,CCc1ccc2c(nc(N)nc2c1)N3CC[C@H](C3)NC
0,0,0,2,0,1,0,1,0,0,0,1,1,0,0,0,0,0,0,1,0,2,0,0,0,0,7,0,3,0,0,0,2,0,0,0,0,1,0,1,0,0,1,0,2,0,0,3,0,0,0,0,0,0,0,0,0,1,6,0,0,0,1,1,3,1,0,2,4.54,Cc1ccc(cn1)c2c(C)c(CN[C@H]3CC[C@@H](F)C3)nn2c4ncccc4Cl
0,0,0,2,0,0,0,0,1,1,0,1,1,0,1,0,1,0,0,0,0,0,0,0,0,0,8,0,1,2,0,0,0,0,2,0,0,0,0,0,1,0,0,0,0,3,0,6,0,0,0,0,1,0,2,1,0,0,7,1,0,1,2,3,3,2,1,0,5.32,CC(C)(N)C(=O)N1CCn2c(C1)nc(c2Nc3ccc(F)c(F)c3)c4ccc(F)cc4
1,0,0,2,0,0,0,0,0,2,0,0,1,0,0,0,0,0,0,0,1,0,0,0,0,0,5,0,0,0,0,1,0,6,4,2,0,0,0,0,3,0,0,1,0,0,0,6,0,0,0,0,1,1,0,0,0,0,7,1,0,1,0,6,4,2,1,0,5.0,CC(Oc1ccc(cc1C(=O)N2CCN(CC2)c3ccc(cc3)C(F)(F)F)S(=O)(=O)C)C(F)(F)F
0,0,0,3,0,0,0,4,0,0,0,2,0,0,0,0,0,1,0,0,0,0,2,0,1,0,4,0,0,0,0,0,1,0,0,0,0,0,0,0,4,0,0,1,0,0,2,8,1,0,0,0,0,0,0,0,0,0,8,0,1,0,0,0,0,0,0,0,8.0,CN(CCOc1ccc(NS(=O)(=O)C)cc1)CCc2ccc(NS(=O)(=O)C)cc2
0,2,0,0,0,0,0,0,2,0,0,1,0,0,0,0,0,0,0,1,0,2,1,0,0,0,6,0,1,0,0,0,1,0,0,0,1,1,0,0,1,0,0,0,0,0,0,2,0,1,0,0,1,0,0,0,0,0,5,1,0,1,0,0,8,0,0,1,5.0,C(#N)c1cnc(C(=O)Nc2c(C3=CCCCC3)cc(cc2)C4CCNCC4)[nH]1
0,0,0,0,0,12,0,0,0,0,0,1,2,0,0,8,0,0,0,0,0,0,0,0,0,0,10,0,3,0,4,0,0,0,0,0,1,0,0,0,1,0,0,0,0,0,0,8,0,0,0,0,1,0,0,1,0,0,21,1,0,1,0,0,0,1,0,0,5.08,O=C(Nc1ccccc1)C2=NN(\C(=N\c3nc(cc(c4ccccc4)c3C#N)c5ccccc5)\S2)c6ccccc6
0,0,0,0,0,3,0,2,0,0,0,0,0,0,0,2,0,0,2,0,0,3,0,0,0,0,4,0,1,0,0,0,1,0,2,0,0,0,0,1,0,0,1,0,0,0,0,3,0,0,0,1,1,0,0,0,0,1,7,0,0,0,0,0,8,1,0,3,5.82,O[C@H]1C[C@H](CN2CCC(CC2)c3ccccc3Cl)CCc4cccnc14
1,0,0,0,0,0,1,1,0,2,0,0,0,0,1,0,0,0,1,0,0,0,0,0,0,0,7,0,1,0,0,0,0,6,0,0,0,0,0,1,0,0,1,0,0,0,0,4,0,0,0,0,1,2,0,1,0,0,6,2,0,0,0,6,0,1,0,0,5.0,Nc1nc2ccc(cc2n1CC(O)c3ccc(cc3Cl)C(F)(F)F)C(F)(F)F
0,0,0,0,0,0,0,0,0,0,0,1,0,0,1,0,1,0,0,0,0,0,0,0,2,0,6,0,2,0,0,0,1,0,0,0,0,0,0,1,0,0,1,1,0,0,4,9,0,0,0,0,0,0,2,1,0,1,10,0,0,0,0,0,0,0,0,0,6.5,Nc1nccc(Nc2ccc(Oc3ccc(Cl)cc3)cc2)n1
0,0,1,1,0,1,0,1,1,0,0,0,0,0,0,0,0,0,0,0,0,0,0,0,0,1,6,1,2,0,0,1,0,0,2,0,0,0,0,0,2,1,0,0,0,0,0,3,0,0,1,0,0,0,0,2,0,0,6,1,0,0,0,0,4,1,0,0,4.48,CS(=O)(=O)Cc1cc(nc(n1)c2cccc3[nH]ccc23)N4CCOCC4
1,0,0,1,0,0,1,2,0,0,0,0,0,0,0,0,1,1,1,0,1,1,0,0,1,1,7,0,1,1,1,1,1,1,1,0,0,0,1,0,1,0,0,1,0,2,1,5,0,2,0,0,3,0,1,0,1,1,8,2,0,1,0,2,5,1,0,4,5.0,COc1ccc2nccc([C@@H](O)CC[C@@H]3CCN(C[C@@H]3C(=O)O)C4CC(C4)c5cc(F)ccc5F)c2c1
1,0,0,4,0,0,0,1,1,1,1,2,0,0,0,0,0,0,1,0,0,0,0,0,1,1,8,0,3,0,0,0,1,0,0,0,1,1,0,0,1,0,0,1,0,0,1,2,0,2,0,0,1,0,0,1,0,0,5,1,0,2,0,2,2,2,0,1,6.53,CN1CC(Cn2nc(c3cnc4[nH]cc(C(=O)NC(C)(C)C)c4n3)c5cc(OC(F)F)ccc25)C1
0,2,0,1,0,0,0,1,0,0,0,1,1,0,0,0,0,0,0,1,0,2,0,0,0,0,5,0,1,1,0,0,2,0,0,0,0,2,1,0,0,0,0,1,0,1,0,2,1,0,0,0,0,0,0,0,1,0,6,2,0,0,0,1,4,0,0,2,5.72,COc1cc(F)ccc1c2cncc(CNC3CCCC3)c2
0,0,0,3,2,0,0,0,0,0,1,0,0,1,0,0,0,0,0,0,0,5,0,1,0,0,1,0,0,0,0,0,0,0,0,0,0,0,0,0,1,0,0,0,0,0,0,0,0,0,0,0,1,0,0,0,0,0,2,1,0,0,0,0,6,1,0,5,3.89,CN1[C@@H]2CC[C@H]3[C@@H]4CC[C@H](O)[C@@]4(C)CC[C@@H]3[C@@]2(C)C=CC1=O
0,0,0,0,0,0,0,0,1,0,0,0,0,0,0,0,0,0,0,1,0,0,0,0,0,0,3,0,1,0,0,0,0,0,0,0,0,0,0,2,0,0,2,0,0,0,0,2,0,0,0,0,0,0,0,0,0,0,5,1,0,0,0,0,3,0,0,1,4.9,Clc1ccc(cc1Cl)[C@H]2CNCC=CC2
0,0,1,3,1,1,0,2,0,0,0,0,0,0,0,0,0,0,0,0,0,0,0,0,0,0,4,0,2,1,0,1,0,0,0,0,0,1,0,0,1,0,0,0,0,2,0,3,0,4,0,0,2,0,1,0,0,1,6,1,0,1,0,2,4,2,1,4,8.0,CCC[C@@]1(O)[C@H](C)CN(C[C@@H]1C)C(=O)[C@@H]2[C@@H](c3c(F)cc(F)cc3)CN(C2)c4cccnn4
0,0,1,2,0,1,0,0,0,0,0,0,1,0,0,0,0,0,0,0,0,0,0,0,0,0,7,1,4,0,0,0,0,0,2,1,0,0,0,0,1,0,0,0,2,0,0,5,0,0,0,0,1,0,0,1,0,0,7,0,0,1,2,0,2,2,0,1,5.1,C[C@H]1N(CCn2c1nnc2c3nc(C)ns3)C(=O)c4ccc(cc4)c5cccs5
0,0,1,3,1,1,0,2,0,0,0,1,0,2,0,0,0,0,0,0,0,0,0,0,3,0,5,1,0,0,0,0,0,0,2,0,1,0,3,0,1,0,0,3,0,0,0,2,1,0,1,1,1,0,0,0,3,0,7,4,0,1,0,0,4,1,0,0,5.82,COc1cccc(CN2CCC(CNC(=O)c3cc(OC)cc(OC)c3)(CC2)C#N)c1
0,0,0,0,1,3,1,0,1,0,0,0,0,2,0,2,0,0,0,0,0,2,0,1,0,0,6,0,1,0,1,0,0,0,0,0,0,0,0,0,1,1,1,0,0,0,0,4,0,0,0,0,0,0,0,1,0,0,8,1,0,0,0,0,5,1,0,1,5.0,O=C1O[C@@]2(CC[C@H](CC2)c3nc4cc(ccc4[nH]3)C#N)CN1c5ccccc5
0,0,0,3,0,0,0,2,0,0,1,1,0,0,0,0,0,1,0,1,0,0,2,1,2,0,5,0,0,0,0,0,0,0,0,0,0,0,2,0,3,0,0,2,0,0,4,8,1,1,0,0,0,0,0,2,2,0,8,0,0,0,0,0,1,2,0,1,4.57,COc1ccc(CCN2[C@H](CN(NS(=O)(=O)C)C2=O)c3ccc(OC)cc3)cc1
2,0,0,1,2,0,0,0,1,0,0,1,0,2,0,0,1,0,0,0,1,0,0,1,0,0,6,0,0,0,0,0,0,0,2,2,0,0,1,1,1,0,1,0,0,0,0,6,0,0,0,0,2,0,2,0,0,0,7,1,0,0,0,0,6,1,0,0,6.0,CC(C(O)c1ccc2NC(=O)CCc2c1)N3CCC(O)(CC3)c4ccc(Cl)cc4
0,0,0,3,1,1,0,2,0,0,0,0,0,2,1,0,0,0,0,0,1,2,0,0,0,0,2,0,1,0,0,0,1,0,4,0,0,0,0,0,2,0,0,1,1,0,0,1,0,0,1,1,2,0,0,0,0,1,3,0,1,2,0,0,9,3,1,1,5.0,C(N(C)C)(=O)N1c2c(C3(C1)CCN(CC4CCN(C(=O)OCC)CC4)CC3)cccn2
1,0,0,0,0,0,0,0,0,0,0,1,0,0,0,0,1,0,0,1,0,2,0,0,0,0,6,0,1,0,0,0,1,0,2,0,0,0,0,1,1,1,1,0,0,1,0,9,0,0,0,0,1,0,2,0,0,1,11,1,0,1,0,1,7,1,0,3,6.23,Fc1cc(ccn1)C(NC(=O)[C@@H]2CC[C@H](C[C@H]2c3ccc(Br)cc3)N4CCOCC4)c5ccc(Cl)cc5
0,1,0,2,0,2,0,3,0,0,1,0,0,0,0,2,1,0,0,0,0,0,0,0,0,0,5,0,0,0,0,0,0,0,0,0,0,0,0,2,0,0,1,0,0,0,0,4,0,0,0,0,0,0,1,0,0,0,7,1,1,0,0,0,0,1,0,0,5.62,CN(C)CCCN1c(cccc2)c2Sc(c13)ccc(Cl)c3
1,0,0,3,0,0,0,0,0,0,1,3,0,0,0,0,0,0,1,0,2,2,0,0,0,0,7,1,2,0,0,0,0,0,0,0,0,1,0,0,1,0,0,0,0,0,0,2,0,0,0,0,1,0,0,1,0,0,6,2,1,1,0,0,2,1,0,1,4.48,CC(C)c1ccc(Nc2cc(NC3CC3)n4ncc(C#N)c4n2)cc1NC(=O)C
2,0,1,4,1,1,0,2,1,0,0,0,0,1,0,0,0,0,0,0,2,0,0,0,0,0,5,0,0,0,0,0,0,0,1,0,1,0,0,1,1,0,1,1,0,1,0,4,0,1,0,1,2,0,0,0,0,0,7,2,0,1,0,1,5,1,0,2,5.2,CC(C)[C@@H](CN1CC[C@](C)([C@@H](C)C1)c2cccc(F)c2)CC(=O)[C@H]3Cc4ccc(O)cc4CN3
0,2,0,0,0,0,0,0,1,0,0,0,0,0,0,0,1,0,0,0,0,2,0,0,1,0,2,0,0,0,0,0,0,0,4,0,0,1,0,1,1,0,1,1,0,0,2,4,0,0,0,0,1,0,2,0,0,0,4,0,0,1,0,0,10,2,1,3,5.7,Clc1ccc(OC2CNC(C2)C(=O)N3CCCN(CC3)C4CCC4)cc1
1,0,0,0,0,0,0,0,0,0,0,1,0,0,1,0,1,0,0,0,0,5,0,0,0,0,3,1,0,0,0,0,0,0,1,0,1,0,0,0,2,0,0,0,0,2,0,2,0,1,0,0,2,0,2,0,0,0,3,1,0,2,0,3,7,2,1,3,4.72,N[C@@H]([C@@H]1CC[C@H](CC1)NC(=O)c2ccc(F)c(F)c2)C(=O)N3CC[C@H](F)C3
0,0,0,1,1,3,0,1,0,0,0,1,2,2,1,2,0,0,0,1,0,0,3,0,1,0,5,0,1,0,1,1,1,0,2,0,0,0,1,0,1,0,0,1,0,0,2,7,1,0,0,0,1,0,0,1,1,1,12,1,0,1,1,0,4,1,0,0,6.7,COc1ccc(CNC(=O)C2(CCN(CC2)c3cc(N)ccn3)c4ccccc4)cc1
1,0,0,2,0,3,0,1,0,0,0,0,0,0,0,2,0,0,0,0,2,2,0,0,0,0,1,0,0,0,1,0,0,0,6,0,0,0,0,0,1,0,0,0,0,0,0,2,1,0,0,0,1,0,0,0,0,0,5,0,0,1,0,0,8,3,2,1,4.42,CC(C)N1CCN(CC1)C(=O)N2CCC(Cc3ccccc3)CC2
1,0,1,2,0,2,0,2,0,0,1,0,0,0,0,0,0,1,0,0,1,2,0,0,1,0,5,0,2,0,0,0,0,0,0,1,1,0,1,0,0,1,0,1,1,0,0,3,1,0,0,0,0,0,0,0,1,0,7,1,0,0,0,0,4,1,0,3,5.34,O(c1cc(ccc1)CCSc2nnc(-c3occc3)n2C(C4C5CC(C4)CC5)C)C
0,0,0,1,0,3,1,1,0,0,0,1,2,0,0,2,0,0,0,0,0,0,0,1,0,2,8,0,1,0,1,0,1,0,0,0,0,1,0,0,3,0,0,0,0,0,0,6,0,0,0,0,0,0,0,1,0,0,12,2,0,0,0,0,0,0,0,0,6.54,CS(=O)(=O)Nc1ccc2C=Cc3ncc(cc3C(=O)c2c1)c4ccccc4
0,0,0,4,0,0,0,1,0,0,2,1,0,0,0,0,0,0,0,0,0,0,0,0,0,0,7,1,3,0,0,0,0,0,4,0,0,0,0,0,1,1,0,0,3,0,1,2,0,0,0,1,1,0,0,2,0,0,4,2,0,1,1,0,4,3,0,0,6.02,CN1CCN(CC(=O)Nc2cc(nc(n2)c3oc(C)cc3)n4nc(C)cc4C)CC1
0,0,0,1,1,2,0,0,1,0,1,0,0,0,0,2,1,1,0,0,0,0,0,0,0,0,6,0,1,0,0,1,0,0,4,2,0,0,0,1,0,0,1,0,0,0,0,4,0,0,0,0,0,0,1,0,0,0,7,1,0,0,0,0,4,2,0,0,4.98,CN1CCN(CC1)C2=Nc3cc(Cl)ccc3Nc4ccccc24
0,0,0,3,1,3,0,3,0,0,0,0,0,0,0,2,0,0,0,0,0,0,0,0,1,0,5,0,1,1,1,0,0,0,0,0,0,0,0,0,1,1,0,0,0,1,0,4,0,0,0,0,1,0,0,0,0,0,8,1,2,1,0,1,1,1,0,1,5.23,CN(C)CCC[C@]1([C@@H]2COc3ccc(F)cc3N2N=C1C(=O)C)c4ccccc4
0,0,0,3,0,0,0,4,0,0,0,1,0,0,0,0,0,2,0,0,0,0,0,0,0,0,6,0,2,0,0,1,0,0,2,0,0,0,0,0,0,2,0,0,1,0,0,0,0,0,0,0,0,0,0,2,0,0,2,2,0,0,0,0,4,1,0,0,6.4,CCNc1cc(cc(CCc2oc(CC)c(C)n2)n1)N3CCOCC3
1,0,0,2,0,3,0,2,0,2,0,0,1,0,0,2,0,0,0,0,1,0,1,0,0,1,7,0,2,0,1,0,0,3,0,0,0,0,0,0,0,0,0,0,0,0,0,4,1,0,1,0,2,0,0,0,0,0,9,1,0,0,0,3,0,1,0,0,5.4,CCC(O)(c1cn(Cc2ccc3c(c4ccccc4)c(sc3c2)C(C)O)nn1)C(F)(F)F
0,1,2,3,1,7,0,1,0,0,0,0,0,2,0,4,0,0,0,0,0,2,0,0,0,0,5,0,0,0,2,0,0,0,4,0,0,0,0,0,1,0,0,0,2,0,0,6,1,0,0,0,1,1,0,0,0,0,13,0,1,1,0,0,8,2,1,3,6.17,Cc1cccc(C)c1C(=O)N2CCC(C)(CC2)N3CCC(CC3)N(Cc4ccccc4)c5ccccc5
0,0,1,2,0,1,0,3,0,0,0,0,1,0,0,0,1,0,0,0,0,0,0,0,2,0,9,0,1,0,1,0,1,0,0,0,0,0,0,2,2,1,1,2,2,0,2,10,1,0,0,0,3,0,2,1,0,0,12,1,1,2,3,0,0,0,0,0,4.53,Cc1ccc(OC(=O)N(CC(=O)O)Cc2cccc(OCc3nc(oc3C)c4ccc(Cl)cc4)c2)cc1
1,0,0,1,0,0,0,0,1,2,0,0,0,0,0,0,0,0,0,1,1,1,0,0,1,0,7,0,2,2,0,0,0,6,0,0,0,0,0,0,0,0,1,1,0,1,0,4,0,1,0,0,1,2,0,0,0,0,7,3,0,0,0,7,3,1,0,3,5.0,C[C@@H](O[C@H]1CCc2nnc(O)n2C[C@@H]1c3ccc(F)cc3)c4cc(cc(c4)C(F)(F)F)C(F)(F)F
0,0,1,0,1,3,0,3,1,0,0,0,0,1,0,2,0,0,0,0,0,2,0,0,0,1,7,0,0,0,0,0,0,0,0,0,0,0,0,0,1,1,0,0,0,2,0,4,0,0,0,0,1,1,2,1,0,0,9,2,1,1,0,2,6,0,0,2,5.2,Fc1cc2CO[C@@]3(CCNC[C@@H]3C(=O)N(Cc4cccc5ccccc45)C6CC6)c2cc1F
1,2,0,3,0,0,0,0,0,0,0,2,0,0,2,0,0,0,0,1,2,2,0,0,0,0,6,0,3,0,0,0,0,0,0,0,0,0,1,0,1,0,0,1,0,0,0,2,0,0,0,0,1,0,0,1,1,0,3,1,0,1,0,0,4,0,0,2,5.7,COc1ccc(Nc2cc(N[C@@H]3CCCC[C@@H]3N)nnc2C(=O)N)nc1C(C)C
0,1,0,0,1,0,0,0,0,0,0,0,0,2,0,0,0,0,2,0,0,4,0,0,0,0,0,0,0,0,0,0,0,0,6,0,0,1,0,0,1,1,0,0,0,0,0,0,0,0,0,0,1,0,0,0,0,0,0,0,0,1,0,0,17,3,1,3,4.48,O=C(C1CC2(CCN(CC2)C3CCOCC3)C1)N4CCN(CC4)C5CCC5
0,0,0,0,1,0,0,1,0,0,0,0,0,2,1,0,1,0,0,0,0,0,2,0,0,0,8,2,1,0,0,0,1,0,2,0,0,1,0,0,0,1,1,0,0,3,0,6,1,0,1,1,2,0,2,0,0,0,9,2,0,0,0,3,5,1,0,0,6.55,O\N=C(/c1ccc(CN2CCC3(CC2)OCc4cc(F)ncc34)cc1)\c5ccc(F)c(F)c5
0,1,0,0,1,3,0,2,1,1,0,1,0,1,0,2,0,0,1,1,0,5,0,0,1,0,4,0,0,0,1,0,0,3,0,0,0,0,0,0,0,1,1,2,0,0,1,4,0,0,0,0,0,0,0,0,0,0,8,1,0,0,0,3,6,0,0,3,6.4,FC(F)(F)Oc1ccc(OC2CC2)c(CNC3CCC4CCC3(N4)c5ccccc5)c1
1,0,0,4,1,0,0,1,1,0,0,2,0,0,0,0,0,0,0,0,1,2,0,0,0,0,7,0,3,0,0,0,2,0,0,0,0,2,0,0,0,0,0,1,0,0,0,0,0,0,0,0,0,0,0,1,0,0,3,1,1,0,0,0,2,0,0,1,5.22,CNc1cc(Nc2cnc(C#N)c(O[C@H](C)CN(C)C)n2)ncc1C3CC3
0,0,0,1,0,1,0,1,0,0,0,2,0,0,0,0,0,0,0,0,0,4,0,0,0,0,4,0,0,0,0,0,0,0,1,0,0,0,0,0,0,0,0,0,0,0,0,3,0,0,0,0,1,0,0,0,0,0,6,1,0,0,0,0,6,1,0,3,4.89,CN[C@@H]1CC[C@@H](CC1)N2CCc3ccc(NC(=N)c4cccs4)cc23
0,0,0,1,0,0,0,3,1,0,1,0,0,0,0,0,0,1,0,0,0,1,3,1,0,0,6,0,0,2,0,0,0,0,6,0,0,0,0,0,2,0,0,0,0,1,0,6,2,0,1,2,1,0,1,0,0,0,7,1,0,1,0,1,10,4,2,1,4.6,CC(=O)N1CCN(Cc2ccc3C[C@H](CCc3c2)N4CCN(CCc5ccc(F)cc5)CC4=O)CC1
0,0,1,1,2,4,0,1,0,0,0,0,2,0,1,2,0,0,0,0,0,0,0,0,0,0,6,0,4,0,1,0,0,0,0,0,0,2,0,0,0,0,0,0,1,0,0,4,1,0,0,0,0,0,0,0,0,0,12,1,0,0,0,0,0,0,0,0,4.48,CC1=N[C@](Cc2ccccc2)(N=C1N)c3cccc(c3)c4cncnc4
0,0,0,0,0,2,0,3,1,0,0,2,0,0,0,2,0,1,0,1,0,0,2,0,0,1,5,0,0,0,0,0,0,0,0,0,0,0,0,0,1,0,0,0,0,0,0,6,1,0,0,0,2,0,0,0,0,0,9,0,0,1,0,0,0,0,0,0,4.56,ONC(=O)\C=C\c1ccc(CNCCc2c[nH]c3ccccc23)cc1
2,0,0,1,0,3,0,0,0,0,1,0,0,0,1,2,0,0,0,0,0,2,0,0,0,0,1,0,0,0,1,0,0,0,0,0,0,0,0,0,1,0,0,1,0,0,0,2,0,0,0,0,2,0,0,0,0,0,5,0,0,1,0,0,4,1,0,3,4.45,c1ccccc1C(O)C(=O)O[C@@H](C2)C[C@@H](N3C)CC[C@H]23
0,0,0,0,0,0,0,1,0,3,0,0,0,0,0,0,0,0,0,1,0,0,0,0,0,0,5,0,0,0,0,0,0,8,4,0,0,1,0,0,3,0,0,0,0,0,0,4,0,0,0,0,2,2,0,0,0,0,7,3,0,1,0,8,5,2,1,2,5.6,OCC(F)(F)c1cc(cc(c1)S(=O)(=O)N2CCN(CC2)C(=O)[C@@H]3C[C@H]3c4ccc(cc4)C(F)(F)F)C(F)(F)F
0,0,0,0,0,3,0,2,0,0,0,1,0,0,0,2,0,1,0,1,0,4,0,0,0,0,3,0,0,0,1,0,0,0,0,0,0,0,0,0,1,0,0,0,0,0,0,6,1,0,0,0,2,0,0,0,0,0,9,0,0,1,0,0,4,0,0,2,4.52,Oc1ccc(cc1)[C@@H]2CC[C@H](CC2)NC(=O)CCc3ccccc3
1,3,0,0,0,0,1,0,0,0,0,1,1,0,0,0,1,0,0,0,0,6,0,0,0,1,7,0,2,0,1,1,0,0,0,0,0,0,0,1,2,0,1,0,1,2,0,4,0,0,0,0,3,0,4,1,0,0,6,2,0,2,2,2,9,1,0,3,5.12,OC(=O)[C@@H]1CC[C@H](CC1)NC(=O)[C@H](C2CCCCC2)n3c(nc4cc(F)c(F)cc34)c5ccc(Cl)cc5
1,0,1,1,0,1,0,0,0,0,0,0,2,0,0,0,0,0,0,0,0,2,0,0,0,0,7,0,2,0,0,0,1,0,0,0,0,1,0,0,4,0,0,0,0,0,0,8,0,0,0,0,1,0,0,0,0,0,11,1,0,0,2,0,2,1,0,1,6.4,CS(=O)(=O)c1ccc(cc1)c2cnc3ccc(nn23)c4cccc(c4)S(=O)(=O)C5CC5
0,0,1,1,0,1,0,0,0,0,1,1,1,0,0,0,1,0,0,0,0,0,1,0,0,0,6,0,0,0,0,0,0,0,0,0,1,0,0,1,1,1,1,0,1,0,0,8,1,0,0,0,1,0,2,0,1,0,10,1,0,1,2,0,0,0,0,0,4.57,Cc1cccc(NC(=O)c2oc(cc2)c3ccc(Cl)cc3)c1
1,0,1,0,1,1,0,1,0,1,0,2,1,2,0,0,0,0,0,0,0,3,0,0,0,0,5,1,3,0,0,0,2,3,1,0,1,2,0,0,3,0,0,0,0,0,0,4,0,1,0,0,3,1,0,0,0,2,10,1,0,2,1,3,7,1,1,2,4.52,O[C@@]1(CC[C@H](CC1)N[C@H]2CCN(C2)C(=O)CNC(=O)c3cccc(c3)C(F)(F)F)c4ccc(cn4)c5cnccn5
0,0,0,2,0,0,1,3,0,0,2,1,0,0,0,0,0,0,1,1,0,1,0,1,1,0,7,1,2,0,0,0,2,0,1,0,0,2,1,0,1,1,0,1,1,0,0,2,1,1,0,1,0,0,0,0,1,0,6,2,0,0,0,1,3,2,0,2,4.05,COc1cnc2C=CC(=O)N(CCN3CC[C@@H](NCc4cnc(C)c(c4)C#N)[C@@H](F)C3)c2c1
0,0,1,2,1,3,1,2,0,0,1,1,0,2,0,2,0,0,0,0,1,2,0,0,0,0,9,0,1,0,0,0,0,0,2,0,1,0,0,2,3,0,1,0,1,2,0,4,0,0,0,0,2,0,1,1,1,0,10,3,0,1,0,2,8,3,1,3,4.72,CNS(=O)(=O)c1cc(C(=O)N2CCC(CCN3C4CCC3CC(C4)n5c(C)nc6ccccc56)(CC2)c7cccc(F)c7)c(Cl)cc1F
0,1,1,3,0,2,0,3,0,0,1,0,0,0,0,0,0,0,0,2,0,1,0,0,1,0,5,0,0,1,0,0,1,0,1,0,0,0,1,0,2,1,0,2,0,0,2,6,0,0,0,0,0,0,0,0,1,0,8,0,0,0,1,0,3,1,0,4,5.54,COc1cccc2c1OC(C(C)S2(=O)=O)c3ccc(OCCCN4CCC[C@H]4C)cc3
0,0,0,1,0,2,0,1,1,0,0,0,0,0,0,2,0,0,0,0,0,2,1,0,1,0,3,0,0,0,0,0,0,0,0,0,0,0,0,0,2,0,0,0,0,0,0,4,1,0,0,0,0,1,0,2,0,0,7,1,1,0,0,0,4,0,0,1,5.5,CS(=O)(=O)N(Cc1ccc2ccccc2c1)C3CCNCC3
0,0,0,1,0,3,0,1,0,0,0,1,0,0,1,2,0,0,2,0,0,2,0,0,0,0,5,0,0,0,1,0,0,0,2,0,1,0,1,1,1,0,2,1,0,0,0,2,1,0,1,1,1,0,0,0,1,0,7,2,0,1,0,0,4,1,0,1,6.22,COc1cc(N)c(Cl)cc1C(=O)NC2CCN(Cc3ccccc3)CC2
3,1,0,4,0,3,0,1,0,0,0,1,0,0,0,2,0,0,0,0,3,4,0,0,0,0,3,0,2,0,1,0,0,0,2,0,0,0,0,0,1,0,0,0,1,0,0,2,0,0,0,0,1,0,0,0,0,0,5,0,0,1,0,0,7,2,0,2,5.4,CC(C)c1nnc(C)n1C2CCN(CC2)C(C)C[C@H](NC(=O)C3CCC3)c4ccccc4
0,0,0,1,0,3,0,3,0,0,1,0,0,0,0,2,0,1,2,0,0,2,0,0,0,0,3,1,0,0,1,0,0,0,2,0,0,0,0,0,1,0,0,0,1,0,0,6,1,0,0,1,1,0,0,0,0,0,9,0,0,1,1,0,4,1,0,1,7.2,Cc1ccc(cc1)C(=O)C2CCN(CCCc3ccccc3)CC2
0,1,0,5,3,0,0,1,1,0,0,2,0,4,0,0,0,0,0,0,0,2,0,0,0,0,4,0,2,0,0,0,0,0,0,0,1,0,0,0,3,0,0,2,0,0,0,0,0,0,0,0,1,0,0,2,0,0,0,0,0,1,0,0,9,0,0,2,5.3,CNC(=O)c1c(NCC2CCC3(CCC3)CC2)nc(nc1OC4CC(C)(C)NC(C)(C)C4)C#N
1,0,0,1,0,3,0,2,0,0,0,0,1,0,0,2,0,0,0,0,0,0,0,1,1,2,7,0,0,0,1,0,0,0,0,0,0,0,1,0,1,0,0,1,0,0,1,4,0,0,0,0,2,0,0,0,1,0,8,1,0,0,0,0,0,1,0,0,4.12,COc1ccc2C(=O)N(C[C@@H](O)CO)C(=C(c3ccccc3)c2c1)C#N
1,0,1,2,0,3,1,1,0,0,0,2,0,0,0,1,0,0,0,0,1,0,0,0,0,0,8,0,3,1,0,0,4,0,0,0,0,0,0,1,1,0,1,2,0,0,0,5,0,0,1,0,1,0,0,0,0,1,11,1,0,1,0,0,0,0,0,0,4.49,CNC(=O)[C@@H](C)Oc1cccc2ncnc(Nc3ccc(OCc4ccccn4)c(Cl)c3)c12
0,0,1,1,0,0,1,1,0,2,0,2,1,0,0,0,0,0,0,0,0,0,0,0,0,0,7,0,2,0,0,0,0,7,0,0,0,0,0,0,0,0,0,0,0,0,0,4,0,0,0,0,0,1,0,2,0,0,5,1,0,0,2,6,0,0,0,0,4.48,CNc1nc(NCC(F)(F)F)c2sc(cc2n1)c3ccc(cc3)C(F)(F)F
0,0,1,2,0,1,0,1,1,0,1,1,1,0,0,0,0,0,0,0,0,0,0,0,0,0,9,0,3,0,0,2,1,0,8,4,0,1,0,1,0,1,1,0,1,0,1,2,0,0,1,1,0,0,0,1,0,0,6,2,0,0,0,0,9,4,0,0,5.02,CN1CCN(CC1)c2cccc(c2)c3nc4c(N5CCN(Cc6cc(C)on6)CC5)c(Cl)cnc4[nH]3
0,1,0,3,1,1,0,0,1,1,0,0,0,0,1,0,0,0,0,0,0,0,0,1,0,0,8,0,0,0,0,0,0,0,2,0,0,0,0,0,2,1,0,0,1,0,0,2,0,0,0,0,1,0,0,0,0,1,3,1,0,1,0,0,9,2,0,1,4.9,Cc1c2CCCN3CCOC[C@@H]3CNc4cc(ccc4C(=O)N)n2c5CC(C)(C)CC(=O)c15
0,0,0,2,0,2,0,0,0,0,0,0,0,0,0,2,0,0,0,0,0,0,0,0,0,0,5,0,4,0,0,1,0,0,0,0,0,0,0,0,1,0,0,0,2,0,0,2,0,4,0,0,1,0,0,2,0,2,7,1,0,1,0,1,4,3,1,2,5.0,Cc1cc(C)nc(n1)N2C[C@H]3CN(C[C@H]3C2)C(=O)c4ccccc4n5nccn5
0,0,0,0,0,0,0,0,0,0,0,0,0,0,1,0,0,0,0,0,0,1,0,0,0,0,7,0,4,0,1,1,3,0,1,0,1,1,0,0,0,0,0,0,0,3,0,0,0,1,0,0,0,0,3,1,0,2,5,2,0,0,0,3,3,1,0,2,5.0,c1c(F)c(F)cc(F)c1[C@@H]2[C@@H](N)CN(CC2)c(n3)cnc(c34)nccn4
0,0,0,3,1,0,0,1,0,1,0,0,1,0,1,0,0,0,0,0,0,0,0,0,1,0,10,0,2,0,0,0,2,0,0,0,0,0,0,0,0,2,0,1,1,2,1,5,0,0,0,0,0,0,1,0,0,1,8,2,3,0,1,3,1,0,0,0,4.8,CC(C)(C)COc1ccc2Oc3ccc(cc3[C@@]4(COC(=N4)N)c2c1)c5c(F)ccnc5F
0,1,0,0,1,1,0,1,1,1,0,1,1,3,1,0,0,0,0,0,0,0,2,0,0,0,6,1,0,0,0,0,0,0,2,0,1,0,0,0,1,0,1,0,0,0,0,7,1,0,1,1,1,0,0,0,0,0,10,1,0,1,1,0,7,1,0,0,5.8,Nc1ccc(cc1NC(=O)c2ccc(CN3CCC4(CCCN4)CC3)cc2)c5cccs5
0,0,0,3,1,0,0,3,0,1,1,1,0,2,0,0,2,0,0,0,0,0,0,0,0,0,3,1,0,0,0,0,0,0,2,0,1,0,0,2,1,0,2,0,0,0,0,0,0,0,0,1,1,0,0,0,0,0,3,3,0,1,0,1,4,1,0,0,5.65,CC(C)(C)CCN1CCC(F)(CNC(=O)c2cc(Cl)cc(Cl)c2)CC1
0,0,0,1,0,2,0,2,0,0,0,1,1,0,1,2,0,0,0,0,0,0,0,0,0,0,7,1,1,0,0,0,1,0,4,0,1,1,0,0,1,0,0,0,1,1,0,6,1,0,1,2,1,0,2,0,0,0,10,1,0,1,2,1,4,2,0,0,4.5,CCN1CCN(Cc2cnc(c(F)c2)c3ccc(cc3)C(=O)Nc4ccccc4N)CC1
0,0,0,4,0,2,0,2,1,0,0,2,0,0,0,2,0,0,0,0,0,0,0,0,0,1,10,0,2,0,0,0,1,0,0,0,0,1,1,1,1,0,1,1,0,0,0,2,0,0,0,0,1,0,0,1,1,0,8,2,2,1,0,0,0,0,0,1,4.83,COc1cc(N(C)CCN(C)C)c(NC(=O)C=C)cc1Nc2ncc(Cl)c(n2)c3c[nH]c4ccccc34
