,maccsfingerprint6,maccsfingerprint9,maccsfingerprint16,maccsfingerprint17,maccsfingerprint23,maccsfingerprint24,maccsfingerprint27,maccsfingerprint31,maccsfingerprint32,maccsfingerprint33,maccsfingerprint34,maccsfingerprint35,maccsfingerprint37,maccsfingerprint40,maccsfingerprint41,maccsfingerprint42,maccsfingerprint43,maccsfingerprint44,maccsfingerprint45,maccsfingerprint46,maccsfingerprint48,maccsfingerprint49,maccsfingerprint50,maccsfingerprint51,maccsfingerprint52,maccsfingerprint53,maccsfingerprint54,maccsfingerprint55,maccsfingerprint56,maccsfingerprint57,maccsfingerprint58,maccsfingerprint59,maccsfingerprint60,maccsfingerprint61,maccsfingerprint62,maccsfingerprint63,maccsfingerprint64,maccsfingerprint65,maccsfingerprint66,maccsfingerprint68,maccsfingerprint69,maccsfingerprint70,maccsfingerprint71,maccsfingerprint72,maccsfingerprint73,maccsfingerprint74,maccsfingerprint75,maccsfingerprint76,maccsfingerprint77,maccsfingerprint78,maccsfingerprint79,maccsfingerprint80,maccsfingerprint81,maccsfingerprint82,maccsfingerprint83,maccsfingerprint84,maccsfingerprint85,maccsfingerprint86,maccsfingerprint87,maccsfingerprint88,maccsfingerprint89,maccsfingerprint90,maccsfingerprint91,maccsfingerprint92,maccsfingerprint93,maccsfingerprint94,maccsfingerprint95,maccsfingerprint96,maccsfingerprint97,maccsfingerprint98,maccsfingerprint99,maccsfingerprint100,maccsfingerprint101,maccsfingerprint102,maccsfingerprint103,maccsfingerprint104,maccsfingerprint105,maccsfingerprint106,maccsfingerprint108,maccsfingerprint109,maccsfingerprint110,maccsfingerprint111,maccsfingerprint112,maccsfingerprint113,maccsfingerprint116,maccsfingerprint117,maccsfingerprint118,maccsfingerprint119,maccsfingerprint120,maccsfingerprint121,maccsfingerprint122,maccsfingerprint123,maccsfingerprint124,maccsfingerprint125,maccsfingerprint126,maccsfingerprint127,maccsfingerprint128,maccsfingerprint129,maccsfingerprint130,maccsfingerprint131,maccsfingerprint132,maccsfingerprint133,maccsfingerprint134,maccsfingerprint135,maccsfingerprint136,maccsfingerprint137,maccsfingerprint138,maccsfingerprint139,maccsfingerprint140,maccsfingerprint141,maccsfingerprint142,maccsfingerprint143,maccsfingerprint144,maccsfingerprint145,maccsfingerprint146,maccsfingerprint147,maccsfingerprint148,maccsfingerprint149,maccsfingerprint150,maccsfingerprint151,maccsfingerprint152,maccsfingerprint153,maccsfingerprint154,maccsfingerprint155,maccsfingerprint156,maccsfingerprint157,maccsfingerprint158,maccsfingerprint159,maccsfingerprint160,maccsfingerprint161,maccsfingerprint162,maccsfingerprint163,maccsfingerprint164,maccsfingerprint165,capacity_max,smiles
0,0,0,0,0,0,0,0,0,0,0,0,1,0,0,0,0,0,0,1,0,0,0,0,0,0,0,0,0,0,0,1,0,0,1,0,0,0,0,0,0,0,0,0,0,0,0,0,0,0,0,0,1,0,0,0,0,0,1,1,0,0,0,0,0,0,0,0,0,1,0,0,1,0,0,0,1,0,1,0,0,0,0,0,0,0,0,0,1,0,0,0,0,1,0,0,0,0,0,0,0,0,1,0,0,1,0,0,0,0,0,0,1,1,0,0,0,0,1,0,0,0,0,0,0,0,0,0,0,0,1,1,0,1,0,39.45,Brc1ccc(C(c2ccc(Br)cc2)C(c2ccc(Br)cc2)c2ccc(-c3ccc(-c4cc5c(cc4Br)Sc4cc(Br)c(Br)cc4S5)cc3)cc2)cc1
1,0,0,0,0,0,0,0,0,0,0,0,1,0,0,0,0,0,0,1,0,0,0,0,0,0,0,0,0,0,0,1,0,0,1,0,0,0,0,0,0,0,0,0,0,0,0,0,0,0,0,0,1,0,0,0,0,0,1,1,0,0,0,0,0,0,0,0,0,1,0,0,1,0,0,0,1,0,1,0,0,0,0,0,0,0,0,0,1,0,0,0,0,1,0,0,0,0,0,0,0,0,1,0,0,1,0,0,0,0,0,0,1,1,0,0,0,0,0,0,0,0,0,0,0,0,0,0,0,0,1,1,0,1,0,51.0,Brc1ccc(C(c2ccc(Br)cc2)C(c2ccc(Br)cc2)c2ccc(-c3ccc(-c4ccc5c(c4)Sc4cc(Br)ccc4S5)cc3)cc2)cc1
2,0,0,0,0,0,1,0,0,0,0,0,1,0,0,0,0,0,0,1,1,0,0,0,0,1,0,0,0,0,0,0,0,0,0,0,0,1,0,0,0,0,0,0,0,0,0,0,1,0,0,1,1,0,1,0,0,0,1,1,0,0,0,0,0,0,0,1,0,1,0,0,0,0,0,0,0,1,1,0,0,0,0,0,0,0,0,0,1,1,0,0,0,1,0,0,0,0,0,1,0,1,1,1,0,1,0,0,0,0,1,0,0,0,0,0,0,0,0,1,0,0,0,0,1,0,1,0,0,1,1,1,0,1,0,407.0,Brc1ccc(Nc2nc(Nc3ccc(Br)s3)nc(Nc3ccc(Br)s3)n2)s1
3,0,0,1,0,0,0,0,0,0,0,0,0,0,1,0,0,0,0,0,0,0,0,0,0,0,0,0,0,0,0,0,0,0,0,0,0,0,0,0,0,0,0,0,0,0,0,0,0,0,0,0,0,0,0,0,0,0,0,0,0,0,0,0,0,0,0,0,0,0,0,0,0,0,0,0,0,0,0,0,0,0,0,0,0,0,0,0,0,0,0,0,0,0,0,0,0,0,0,0,0,0,0,0,0,0,0,0,0,0,0,0,0,0,0,0,0,0,0,0,0,0,0,0,0,0,0,0,0,1,1,1,0,1,0,628.0,C#Cc1ccc(C#N)cc1
4,0,0,1,0,0,0,1,0,0,0,0,0,0,0,0,0,0,0,1,0,0,0,0,0,0,0,0,0,1,0,0,0,0,1,0,0,0,0,0,0,0,0,0,0,0,1,0,0,0,0,0,0,0,0,0,1,1,1,0,0,0,0,0,0,0,0,0,1,1,0,1,1,0,0,0,1,0,1,1,1,0,0,1,0,1,0,0,1,1,1,0,0,1,0,0,1,0,0,0,0,1,1,1,0,1,1,0,1,0,1,0,1,1,1,0,1,0,0,0,1,1,0,0,1,1,1,1,0,1,1,1,1,1,0,31.37,C#Cc1ccc(N2COc3cc4c(cc3C2)OCN(c2ccc(C#Cc3ccc5c(c3)OCN(c3ccc(N(c6ccc(N7COc8cc(Br)ccc8C7)cc6)c6ccc(N7COc8cc(Br)ccc8C7)cc6)cc3)C5)cc2)C4)cc1
5,0,0,0,0,0,0,0,0,0,1,0,0,0,1,0,0,0,0,0,0,0,0,0,0,0,0,0,0,0,0,0,0,0,0,0,0,0,0,0,0,0,0,0,0,0,0,0,0,0,0,0,0,0,0,0,0,0,0,0,0,0,0,0,0,0,0,0,0,0,1,0,0,0,0,0,0,0,0,0,0,0,0,0,0,0,0,0,0,0,0,0,0,0,0,0,0,0,0,0,0,0,0,0,0,0,0,0,0,0,0,0,0,0,0,0,0,0,0,0,0,0,0,0,0,0,0,0,0,1,0,0,0,0,0,270.0,C=CC#N
6,0,0,0,0,0,0,0,0,0,1,0,0,0,1,0,0,0,0,0,0,0,1,0,0,0,0,0,0,0,0,0,0,0,0,0,0,0,0,0,0,0,0,0,0,0,0,1,0,0,0,0,0,0,0,0,0,0,0,0,0,0,0,0,0,0,0,0,0,0,1,0,0,0,0,0,0,0,0,0,0,1,0,0,0,0,0,0,0,0,0,0,0,0,0,0,0,0,0,0,0,0,0,0,0,0,0,0,0,0,1,0,0,0,0,0,0,0,0,0,0,0,0,1,0,0,0,0,0,1,1,1,0,1,0,330.0,C=Cc1ccc(/C=C(\C#N)CC#N)cc1
7,0,0,0,0,0,0,0,0,0,0,0,0,0,1,0,0,0,0,0,0,0,0,0,0,0,0,0,0,0,0,0,0,0,1,0,0,1,0,0,0,0,0,0,0,1,1,0,0,0,1,1,0,0,1,0,1,0,0,0,0,0,0,0,0,0,0,1,0,0,0,0,1,0,0,0,1,0,0,0,0,0,0,0,0,0,0,0,1,1,1,0,0,1,0,0,0,0,0,0,0,1,0,1,0,1,0,0,0,1,1,0,1,1,0,0,1,1,1,0,0,0,0,0,1,0,1,0,1,1,1,1,0,1,0,255.0,CC(C)c1ccc(-n2c(-c3ccc(C#N)cc3)cc3c2cc(-c2ccc(C#N)cc2)n3-c2ccc(C(C)C)cc2)cc1
8,0,0,0,0,0,0,0,0,0,0,0,0,0,0,0,0,0,0,1,0,0,0,0,0,1,0,0,0,0,0,0,0,0,0,0,0,0,0,0,0,0,0,0,0,0,0,0,0,0,0,0,0,1,0,0,1,0,1,0,0,1,1,0,0,0,0,0,1,0,0,1,0,0,0,0,0,0,1,0,0,0,0,1,1,0,1,0,0,0,1,0,0,1,0,1,0,0,0,1,0,1,1,1,0,0,1,1,1,0,1,1,1,1,1,1,1,0,1,1,1,1,0,1,1,1,1,1,1,1,1,1,1,1,0,67.07,CCc1ccc(NCc2cc(O)c(CNc3ccc(CCc4ccc(CNc5ccc(N(c6ccc(NCc7ccc(Br)cc7O)cc6)c6ccc(NCc7ccc(Br)cc7O)cc6)cc5)c(O)c4)cc3)cc2O)cc1
9,0,0,0,0,0,0,0,0,0,0,0,0,0,0,0,0,0,0,0,0,0,1,0,0,0,0,0,0,0,0,0,0,0,0,0,0,0,0,0,0,0,0,0,0,0,0,1,0,0,0,0,0,0,0,0,0,0,0,0,0,0,0,0,1,0,0,0,0,0,1,0,1,0,0,0,1,0,0,0,0,0,0,1,0,0,0,0,0,0,0,0,0,1,1,1,0,0,0,0,0,0,0,0,0,0,0,0,0,0,0,1,0,1,0,0,0,0,0,0,1,0,0,0,0,1,0,0,1,0,1,1,1,1,0,72.75,COc1ccc(C(c2ccccc2)=c2c3ccccc3c(=C(c3ccccc3)c3ccccc3)c3ccccc23)cc1
10,0,0,0,0,0,0,0,0,0,0,0,1,0,1,0,0,0,0,0,1,0,0,0,0,0,0,0,0,0,0,0,0,0,1,0,0,1,0,0,0,0,0,0,0,0,1,0,1,0,1,1,1,0,1,0,1,0,0,1,0,0,0,0,0,0,0,1,0,0,0,0,1,0,0,0,1,1,0,0,0,0,0,0,0,0,0,0,1,1,1,0,0,1,0,0,0,0,0,0,0,1,0,1,0,1,0,0,0,0,1,0,1,1,0,0,1,1,1,0,0,0,0,0,1,0,1,0,1,1,1,1,0,1,0,269.0,Cc1ccc2nc(-n3c(-c4ccc(C#N)cc4)cc4c3cc(-c3ccc(C#N)cc3)n4-c3nc4ccc(C)cc4s3)sc2c1
11,0,0,0,0,0,1,0,0,0,0,0,0,0,0,0,0,0,0,0,0,1,0,0,0,0,0,0,0,0,0,0,0,0,1,0,0,1,0,0,0,0,0,0,0,0,1,0,1,0,0,1,0,0,0,0,1,0,1,0,0,0,0,0,0,0,0,0,0,1,0,0,0,0,1,0,0,1,1,0,0,0,0,0,0,0,0,0,1,1,1,0,0,1,0,0,0,0,0,0,0,1,1,1,0,1,0,0,0,0,1,0,0,1,0,0,1,0,0,0,0,0,0,0,1,0,1,0,0,1,1,1,0,1,0,196.0,Clc1nc(Cl)nc(-[n+]2ccc(-c3ccncc3)cc2)n1
12,0,0,0,0,0,0,0,0,0,0,0,0,1,0,0,0,0,0,0,0,0,0,0,0,0,0,0,0,0,0,0,0,0,1,0,0,1,0,0,0,0,0,0,0,0,0,0,1,0,0,1,0,0,0,0,0,0,1,0,0,0,0,0,0,0,0,0,0,1,0,0,0,0,1,0,0,1,1,0,0,0,0,0,0,0,0,0,1,1,0,0,0,1,0,0,0,0,0,0,0,0,1,0,0,1,0,0,0,0,1,0,0,1,0,0,0,0,0,0,0,0,0,0,1,0,0,0,0,1,1,1,0,1,0,228.0,Clc1nc(Cl)nc(-c2ccc(-c3cc(-c4ccc(-c5nc(Cl)nc(Cl)n5)cc4)cc(-c4ccc(-c5nc(Cl)nc(Cl)n5)cc4)c3)cc2)n1
13,0,0,0,0,0,0,0,0,0,0,0,0,1,0,0,0,0,0,0,0,0,0,0,0,0,0,0,0,0,0,0,0,0,1,0,0,1,0,0,0,0,0,0,0,0,0,0,1,0,0,1,0,0,0,0,0,0,1,0,0,0,0,0,0,0,0,0,0,1,0,0,0,0,1,0,0,1,1,0,0,0,0,0,0,0,0,0,1,1,0,0,0,1,0,0,0,0,0,0,0,0,1,0,0,1,0,0,0,0,1,0,0,1,0,0,0,0,0,0,0,0,0,0,1,0,0,0,0,1,1,1,0,1,0,228.0,Clc1nc(Cl)nc(-c2ccc(-c3cc(-c4ccccc4)cc(-c4ccccc4)c3)cc2)n1
14,0,0,0,0,0,0,0,0,0,0,0,0,1,0,0,0,0,0,0,0,0,1,0,0,0,0,0,0,0,0,0,0,0,1,0,0,1,0,0,0,0,0,0,0,0,0,1,1,0,0,1,0,0,0,0,0,0,1,0,0,0,0,0,0,0,0,0,0,1,1,0,1,0,1,0,1,1,1,0,0,0,0,0,0,0,0,0,1,1,0,0,0,1,0,0,0,0,0,0,0,0,1,0,0,1,0,0,0,0,1,0,0,1,0,0,0,0,0,0,0,0,0,0,1,0,0,0,0,1,1,1,0,1,0,98.4,Clc1nc(Cl)nc(-c2ccc(C(c3ccccc3)=c3c4ccccc4c(=C(c4ccccc4)c4ccccc4)c4ccccc34)cc2)n1
15,0,0,0,0,0,0,0,0,0,0,0,0,0,1,0,0,0,0,0,0,0,0,0,0,0,0,0,0,0,0,0,0,0,0,0,0,0,0,0,0,0,0,0,0,0,0,0,0,0,0,0,0,0,0,0,0,0,0,0,0,0,0,0,0,0,0,0,0,0,1,0,0,0,0,0,0,0,0,0,0,0,0,0,0,0,0,0,0,0,0,0,0,0,0,0,0,0,0,0,0,0,0,0,0,0,0,0,0,0,1,0,0,0,0,0,0,0,0,0,0,0,0,0,0,0,0,0,0,1,0,0,0,0,0,404.0,N#C/C=C/C#N
16,0,0,0,0,0,0,0,0,0,0,0,0,0,1,0,0,0,0,0,0,0,1,0,0,0,0,0,0,0,0,0,0,0,0,0,0,0,0,0,0,0,0,0,0,0,0,1,0,0,0,1,0,0,0,0,0,0,0,0,0,0,0,0,0,0,0,0,0,0,1,0,0,0,0,0,0,0,0,0,0,0,0,0,0,0,0,0,0,0,0,0,0,0,0,0,0,0,0,0,0,0,0,0,0,0,0,0,0,0,1,0,0,0,0,0,0,0,0,0,0,0,0,0,0,0,0,0,0,1,1,1,0,1,0,383.0,N#CC(C#N)=c1ccc(=C(C#N)C#N)cc1
17,0,0,0,0,0,0,0,1,1,0,0,0,0,1,1,0,0,0,0,0,1,0,1,0,0,0,1,0,0,1,0,1,1,0,0,0,1,0,1,0,1,0,0,1,0,1,0,1,0,1,1,1,0,1,0,1,0,0,1,1,0,0,0,0,1,0,1,0,0,0,1,0,1,0,0,0,1,1,0,0,1,1,0,0,1,1,0,1,1,1,0,1,1,0,0,1,1,1,0,0,0,1,0,1,1,1,0,1,0,1,0,0,0,1,1,1,0,0,0,0,1,0,1,1,0,1,1,0,1,1,0,1,1,1,112.0,N#CCCn1cc[n+](CCCCCCCCCn2cc[n+](CCC#N)c2)c1.O=S(=O)([N-]S(=O)(=O)C(F)(F)F)C(F)(F)F.O=S(=O)([N-]S(=O)(=O)C(F)(F)F)C(F)(F)F
18,0,0,0,0,0,0,0,1,1,0,0,0,0,1,1,0,0,0,0,0,1,0,1,0,0,0,1,0,0,1,0,1,1,0,0,0,1,0,1,0,1,0,0,1,0,1,0,1,0,1,1,1,0,1,0,1,0,0,1,1,0,0,0,0,1,0,1,0,0,0,1,0,1,0,0,0,1,1,0,0,1,1,0,0,1,1,0,1,1,1,0,1,1,0,0,1,1,1,0,0,0,1,0,1,1,1,0,1,0,1,0,0,0,1,1,1,0,0,0,0,1,0,1,1,0,1,1,0,1,1,0,1,1,1,104.0,N#CCCn1cc[n+](CCCCCCn2cc[n+](CCC#N)c2)c1.O=S(=O)([N-]S(=O)(=O)C(F)(F)F)C(F)(F)F.O=S(=O)([N-]S(=O)(=O)C(F)(F)F)C(F)(F)F
19,0,0,0,0,0,0,0,1,1,0,0,0,0,1,1,0,0,0,0,0,1,0,1,0,0,0,1,0,0,1,0,1,1,0,0,0,1,0,1,0,1,0,0,1,0,1,0,1,0,1,1,1,0,1,0,1,0,0,1,1,0,0,0,0,1,0,1,0,0,0,1,0,1,0,0,0,1,1,0,0,1,1,0,0,1,1,0,1,1,1,0,1,1,0,0,1,0,1,0,0,0,1,0,1,1,1,0,1,0,1,0,0,0,1,1,1,0,0,0,0,1,0,1,1,0,1,1,0,1,1,0,1,1,1,154.0,N#CCCn1cc[n+](CCn2cc[n+](CCC#N)c2)c1.O=S(=O)([N-]S(=O)(=O)C(F)(F)C(F)(F)F)C(F)(F)C(F)(F)F.O=S(=O)([N-]S(=O)(=O)C(F)(F)C(F)(F)F)C(F)(F)C(F)(F)F
20,0,0,0,0,0,0,0,1,1,0,0,0,0,1,1,0,0,0,0,0,1,0,1,0,0,0,1,0,0,1,0,1,1,0,0,0,1,0,1,0,1,0,0,1,0,1,0,1,0,1,1,1,0,1,0,1,0,0,1,1,0,0,0,0,1,0,1,0,0,0,1,0,1,0,0,0,1,1,0,0,1,1,0,0,1,1,0,1,1,1,0,1,1,0,0,1,0,1,0,0,0,1,0,1,1,1,0,1,0,1,0,0,0,1,1,1,0,0,0,0,1,0,1,1,0,1,1,0,1,1,0,1,1,1,131.0,N#CCCn1cc[n+](CCn2cc[n+](CCC#N)c2)c1.O=S(=O)([N-]S(=O)(=O)C(F)(F)F)C(F)(F)F.O=S(=O)([N-]S(=O)(=O)C(F)(F)F)C(F)(F)F
21,0,0,0,0,0,0,0,0,0,0,0,0,0,1,1,0,0,0,0,0,0,0,0,0,0,0,0,0,0,0,0,0,0,0,0,0,0,0,0,0,0,0,0,0,0,0,0,0,0,0,0,0,0,0,0,0,0,1,0,0,0,0,0,0,0,0,0,0,0,0,0,0,0,0,0,0,0,1,0,0,0,0,0,0,0,0,0,0,0,0,0,0,0,0,0,0,0,0,0,0,0,1,0,0,0,0,0,0,0,1,0,1,0,0,0,0,0,1,0,0,0,0,0,0,0,0,0,0,1,1,1,0,1,0,379.0,N#Cc1c(F)c(F)c(C#N)c(F)c1F
22,0,0,0,0,0,0,0,0,0,0,0,0,0,1,0,0,0,0,0,0,0,0,0,0,0,0,0,0,0,0,0,0,0,0,0,0,0,0,0,0,0,0,0,0,0,0,0,0,0,0,0,0,0,0,0,0,0,0,0,0,0,0,0,0,0,0,0,0,0,0,0,1,0,0,0,1,0,0,0,0,0,0,0,0,0,0,0,0,0,0,0,0,1,0,0,0,0,0,0,0,0,0,0,0,0,0,0,0,0,1,0,0,1,0,0,0,0,0,0,0,0,0,0,0,0,0,0,0,1,1,1,0,1,0,589.0,N#Cc1c2ccccc2c(C#N)c2ccccc12
23,0,0,0,0,0,0,0,0,0,0,0,0,0,1,0,0,0,0,0,0,0,0,0,0,0,0,0,0,0,0,0,0,0,0,0,0,0,0,0,0,0,0,0,0,0,0,0,0,0,0,0,0,0,0,0,0,0,0,0,0,0,0,0,0,0,0,0,0,0,0,0,1,0,0,0,1,0,0,0,0,0,0,0,0,0,0,0,0,0,0,0,0,1,0,0,0,0,0,0,0,0,0,0,0,0,0,0,0,0,1,0,0,1,0,0,0,0,0,0,0,0,0,0,0,0,0,0,0,1,1,1,0,1,0,500.0,N#Cc1cc(C#N)c2ccc3c(C#N)cc(C#N)c4ccc1c2c43
24,0,0,0,0,0,0,0,0,0,0,0,0,1,1,0,0,0,0,0,0,0,0,0,0,0,0,0,0,0,0,0,0,0,1,0,0,1,0,0,0,0,0,0,0,0,0,0,1,0,0,1,0,0,0,0,0,0,0,0,0,0,0,0,0,0,0,0,0,1,0,0,0,0,0,0,0,0,0,0,0,0,0,0,0,0,0,0,1,1,0,0,0,1,0,0,0,0,0,0,0,0,0,0,0,1,0,0,0,0,1,0,0,1,0,0,0,0,0,0,0,0,0,0,1,0,0,0,0,1,1,1,0,1,0,231.0,N#Cc1ccc(-c2cc(-c3ccc(C#N)cc3)nc(-c3ccc(-c4ncncn4)cc3)c2)cc1
25,0,0,0,0,0,0,0,0,0,0,0,0,0,1,0,0,0,0,0,0,0,0,0,0,0,0,0,0,0,0,0,0,0,1,0,0,1,0,0,0,0,0,0,0,0,1,0,0,0,1,1,0,0,1,0,1,0,0,0,0,0,0,0,0,0,0,1,0,0,0,0,1,0,0,0,1,0,0,0,0,0,0,0,0,0,0,0,1,1,1,0,0,1,0,0,0,0,0,0,0,1,0,1,0,1,0,0,0,0,1,0,1,1,0,0,1,0,1,0,0,0,0,0,1,0,1,0,0,1,1,1,0,1,0,291.0,N#Cc1ccc(-c2cc3c(cc(-c4ccc(C#N)cc4)n3-c3ccc(C#N)cc3)n2-c2ccc(C#N)cc2)cc1
26,0,0,0,0,0,0,0,0,0,0,0,0,0,1,0,0,0,0,0,0,0,0,0,0,0,0,0,0,0,0,0,0,0,1,0,0,0,0,0,0,0,0,0,0,0,0,0,0,0,0,0,0,0,0,0,0,0,0,0,0,0,0,0,0,0,0,0,0,0,0,0,0,0,0,0,0,0,0,0,0,0,0,0,0,0,0,0,0,0,0,0,0,1,0,0,0,0,0,0,0,0,0,0,0,0,0,0,0,0,1,0,0,1,0,0,0,0,0,0,0,0,0,0,0,0,0,0,0,1,1,1,0,1,0,280.0,N#Cc1ccc(-c2ccc(C#N)cc2)cc1
27,0,0,0,0,0,0,0,0,0,0,0,0,0,1,0,0,0,0,0,0,0,0,0,0,0,0,0,0,0,0,0,0,0,1,0,0,1,0,0,0,0,0,0,0,0,0,0,0,0,1,1,0,0,0,0,0,0,0,0,0,0,0,0,0,0,0,0,0,1,0,0,0,0,0,0,0,0,0,0,0,0,0,0,0,0,0,0,1,1,0,0,0,1,0,0,0,0,0,0,0,0,0,0,0,1,0,0,0,0,1,0,0,1,0,0,0,0,0,0,0,0,0,0,1,0,0,0,0,1,1,1,0,1,0,393.0,N#Cc1ccc(-c2ccc(C#N)cn2)nc1
28,0,0,0,0,0,0,0,0,0,0,0,0,0,1,0,0,0,0,0,0,0,0,0,1,0,0,0,0,0,0,0,0,0,1,0,0,1,0,0,0,0,0,0,0,0,1,0,0,0,0,0,0,0,0,0,0,0,0,0,0,0,0,1,0,1,1,0,0,1,0,0,1,0,0,0,1,0,0,0,1,0,0,1,0,1,0,0,1,1,1,0,1,1,0,1,0,0,0,0,0,1,0,1,0,1,0,0,0,0,1,1,1,1,0,0,1,0,1,0,0,0,1,0,1,0,1,0,0,1,1,1,1,1,0,277.0,N#Cc1ccc(-c2nn(-c3ccc(C#N)cc3)c(=O)c3ccccc23)cc1
29,0,0,0,0,0,0,0,0,0,0,0,0,0,1,0,0,0,0,0,0,0,0,0,1,0,0,0,0,0,0,0,0,0,1,0,0,1,0,0,1,0,0,0,0,0,1,0,0,0,0,0,0,0,0,0,0,0,0,0,0,0,0,1,0,1,1,0,0,1,0,0,1,0,0,0,1,0,0,0,1,0,0,1,0,1,0,0,1,1,1,0,1,1,0,1,0,0,1,1,0,1,0,1,1,1,0,0,1,0,1,1,1,1,1,0,1,0,1,1,0,0,1,0,1,0,1,1,0,1,1,1,1,1,0,256.0,N#Cc1ccc(-n2[nH]c(=O)c3cc4c(=O)[nH]n(-c5ccc(C#N)cc5)c(=O)c4cc3c2=O)cc1
30,0,0,0,0,0,0,0,0,0,0,0,0,0,1,0,0,0,0,0,0,0,0,0,0,0,0,0,0,0,0,0,0,0,1,0,0,1,0,0,0,0,0,0,0,0,1,0,0,0,0,0,0,0,1,0,1,0,0,0,1,0,0,1,0,0,0,1,0,0,0,0,1,0,0,0,1,0,0,0,1,0,0,1,0,1,0,0,1,1,1,0,0,1,0,1,0,0,0,0,0,1,0,1,1,1,0,0,1,0,1,1,1,1,1,0,1,0,1,0,0,0,1,0,1,0,1,1,0,1,1,1,1,1,0,231.0,N#Cc1ccc(-n2c(=O)c3cc4c(=O)n(-c5ccc(C#N)cc5)c(=O)c4cc3c2=O)cc1
31,0,0,0,0,0,0,0,0,0,0,0,0,0,1,0,0,0,0,0,0,0,0,0,0,0,0,0,0,0,0,0,0,0,0,0,0,0,0,0,0,0,0,0,0,0,0,0,0,0,0,0,0,0,0,0,0,0,0,0,0,0,0,0,0,0,0,0,0,0,0,0,0,0,0,0,0,0,0,0,0,0,0,0,0,0,0,0,0,0,0,0,0,0,0,0,0,0,0,0,0,0,0,0,0,0,0,0,0,0,1,0,0,0,0,0,0,0,0,0,0,0,0,0,0,0,0,0,0,1,1,1,0,1,0,298.0,N#Cc1ccc(C#N)cc1
32,0,0,0,0,0,0,0,0,0,0,0,0,0,1,0,0,0,0,0,0,0,0,0,0,0,0,0,0,0,0,0,0,0,0,0,0,1,0,0,0,0,0,0,0,0,0,0,0,0,1,0,0,0,0,0,0,0,0,0,0,0,0,0,0,0,0,0,0,1,0,0,0,0,0,0,0,0,0,0,0,0,0,0,0,0,0,0,0,1,0,0,0,0,0,0,0,0,0,0,0,0,0,0,0,1,0,0,0,0,1,0,0,0,0,0,0,0,0,0,0,0,0,0,1,0,0,0,0,1,1,1,0,1,0,406.0,N#Cc1cccc(C#N)n1
33,0,0,0,0,0,0,0,0,0,0,0,0,0,0,0,0,0,0,0,0,0,0,0,0,1,1,0,0,0,0,0,0,0,1,0,0,1,0,0,0,0,0,0,0,0,1,0,0,0,1,1,0,0,1,1,1,0,0,0,1,0,0,1,0,0,1,1,0,0,0,0,1,0,0,0,1,0,0,0,1,0,0,1,0,1,0,0,1,1,1,0,0,1,0,1,0,0,0,1,0,1,0,1,1,1,0,1,1,0,1,1,1,1,1,0,1,0,1,1,1,0,1,0,1,1,1,1,0,1,1,1,1,1,0,367.0,Nc1cc(N2C(=O)c3cc(-n4c5ccccc5c5ccccc54)c(-n4c5ccccc5c5ccccc54)cc3C2=O)c(O)cc1O
34,0,0,0,0,0,0,0,0,0,0,0,0,1,0,0,0,0,0,0,0,0,0,0,0,1,1,0,0,0,0,0,0,0,1,0,0,1,0,0,0,0,0,0,0,0,0,0,1,1,0,1,0,0,0,1,0,0,0,0,0,0,0,0,0,0,1,0,1,1,0,0,0,0,0,0,0,0,0,0,0,0,0,1,0,0,0,1,1,1,0,0,0,1,0,1,0,0,0,1,0,1,0,1,1,1,0,1,1,0,1,1,1,1,1,0,0,0,1,1,1,0,1,0,1,1,1,1,0,1,1,1,1,1,0,256.0,Nc1cc(O)c(N=Cc2ccc(-c3nc(-c4ccc(C=O)cc4)nc(-c4ccc(C=O)cc4)n3)cc2)cc1O
35,0,0,0,0,0,0,0,0,0,0,0,0,0,0,0,0,0,0,0,0,0,0,0,0,0,1,0,0,0,0,0,0,0,0,0,0,1,0,0,0,0,0,0,0,0,0,0,0,0,1,1,0,0,0,1,0,0,0,0,0,0,0,0,0,0,0,0,0,1,0,0,1,0,0,0,1,0,0,0,0,0,0,0,0,0,0,0,1,1,0,0,0,1,0,0,0,0,0,1,0,1,0,1,0,1,0,0,0,0,1,0,1,1,0,0,0,0,1,1,0,0,0,0,1,0,1,0,0,1,1,1,0,1,0,663.0,Nc1cc2nc3cc4nc5c6nc7cc8nc9cc(N)c(N)cc9nc8cc7nc6c6nc7cc8nc9cc(N)c(N)cc9nc8cc7nc6c5nc4cc3nc2cc1N
36,0,0,0,0,0,0,0,0,0,0,0,1,0,0,0,0,0,0,0,1,0,0,0,0,1,1,0,0,0,0,1,0,0,1,0,1,1,0,0,0,0,0,0,0,0,0,0,0,0,0,0,1,0,1,1,0,0,0,1,1,0,0,0,0,0,0,1,1,0,0,0,1,0,0,0,1,0,0,0,0,0,0,1,0,0,0,0,1,1,0,0,0,1,0,1,0,0,0,1,0,1,0,1,0,1,0,1,0,0,1,1,1,1,1,0,0,0,1,1,1,0,0,0,1,1,1,1,0,1,1,1,1,1,0,724.0,Nc1cc2sc(-c3c(O)c(-c4nc5cc(S)c(N)cc5s4)c(O)c(-c4nc5cc(S)c(N)cc5s4)c3O)nc2cc1S
37,0,0,0,0,0,0,0,0,0,0,0,1,0,0,0,0,0,0,0,1,0,0,0,0,0,1,0,0,0,0,1,0,0,1,0,1,1,0,0,0,0,0,0,0,0,0,0,0,0,0,0,1,0,1,1,0,0,0,1,0,0,0,0,0,0,0,1,0,0,0,0,1,0,0,0,1,0,0,0,0,0,0,0,0,0,0,0,1,1,0,0,0,1,0,0,0,0,0,1,0,1,0,1,0,1,0,0,0,0,1,0,1,1,0,0,0,0,1,1,0,0,0,0,1,0,1,0,0,1,1,1,0,1,0,166.0,Nc1cc2sc(-c3cc(-c4nc5cc(S)c(N)cc5s4)cc(-c4nc5cc(S)c(N)cc5s4)c3)nc2cc1S
38,0,0,0,0,1,0,0,0,0,0,0,0,0,0,0,0,0,0,0,0,1,0,0,0,0,0,0,1,0,0,0,0,0,1,1,0,1,0,0,0,1,1,0,0,0,1,0,0,0,1,1,0,0,0,1,1,0,0,0,0,0,0,0,0,1,0,0,1,1,0,0,0,1,0,0,0,0,0,0,0,0,0,0,0,0,0,1,1,1,1,0,1,1,0,0,0,0,1,1,0,1,0,1,1,1,0,0,1,0,1,0,1,1,1,0,1,0,1,1,0,0,0,0,1,0,1,1,0,1,1,1,1,1,0,404.0,Nc1ccc(-c2cc(-c3ccc(N)cc3)cc(-c3ccc(-[n+]4ccc(-c5cc[n+](-c6ccc([N+](=O)[O-])cc6[N+](=O)[O-])cc5)cc4)cc3)c2)cc1
39,0,0,0,0,0,0,0,0,0,0,0,0,0,0,0,0,0,1,0,0,0,1,0,0,1,0,0,0,0,0,0,0,0,1,0,0,1,0,0,0,0,0,0,0,0,0,1,0,0,0,0,0,0,0,1,0,0,0,0,1,0,0,0,0,0,0,0,1,1,1,0,0,0,0,0,0,0,0,0,0,0,0,0,0,0,0,0,0,1,0,0,0,1,0,1,0,0,0,1,0,1,0,1,1,1,0,1,1,0,1,1,0,1,1,0,0,0,1,1,1,0,1,0,1,1,1,1,0,1,1,1,1,1,0,209.0,Nc1ccc(-c2cc(-c3ccc(N)cc3)nc(-c3ccc(NC=C4C(=O)C(C=O)=C(O)C(C=O)=C4O)cc3)c2)cc1
40,0,0,0,0,0,0,0,0,0,0,0,0,1,0,0,0,0,0,0,0,0,0,0,0,0,1,0,0,0,0,0,0,0,1,0,0,1,0,0,0,0,0,0,0,0,1,0,1,0,1,0,0,0,1,1,1,0,0,0,1,0,0,1,0,0,0,1,0,1,0,0,1,0,0,0,1,0,0,0,1,0,0,0,0,1,0,0,1,1,1,0,0,1,0,1,0,0,0,1,0,1,0,1,1,1,0,0,1,0,1,1,1,1,1,0,1,0,1,1,0,0,1,0,1,0,1,1,0,1,1,1,1,1,0,66.56,Nc1ccc(-c2ccc3[nH]c(-c4cc(-c5nc6ccc(-c7ccc(N)c(N)c7)cc6[nH]5)cc(N5C(=O)c6ccc7c8c(ccc(c68)C5=O)C(=O)N(c5cc(-c6nc8cc(-c9ccc(N)c(N)c9)ccc8[nH]6)cc(-c6nc8ccc(-c9ccc(N)c(N)c9)cc8[nH]6)c5)C7=O)c4)nc3c2)cc1N
41,0,0,0,0,0,0,0,0,0,0,0,0,1,0,0,0,0,0,0,0,0,0,0,0,0,1,0,0,0,0,0,0,0,1,0,0,1,0,0,0,0,0,0,0,0,1,0,1,0,1,0,0,0,1,1,1,0,0,0,1,0,0,1,0,0,0,1,0,1,0,0,1,0,0,0,1,0,0,0,1,0,0,0,0,1,0,0,1,1,1,0,0,1,0,1,0,0,0,1,0,1,0,1,1,1,0,0,1,0,1,1,1,1,1,0,1,0,1,1,0,0,1,0,1,0,1,1,0,1,1,1,1,1,0,5.65,Nc1ccc(-c2ccc3[nH]c(-c4cc(-c5nc6ccc(-c7ccc(N)c(N)c7)cc6[nH]5)cc(N5C(=O)c6ccc7c8ccc9c%10c(ccc(c%11ccc(c6c7%11)C5=O)c%108)C(=O)N(c5cc(-c6nc7cc(-c8ccc(N)c(N)c8)ccc7[nH]6)cc(-c6nc7ccc(-c8ccc(N)c(N)c8)cc7[nH]6)c5)C9=O)c4)nc3c2)cc1N
42,0,0,0,0,0,0,0,0,0,0,0,0,1,0,0,0,0,0,0,0,0,0,0,0,0,1,0,0,0,0,0,0,0,1,0,0,1,0,0,0,0,0,0,0,0,1,0,1,0,1,0,0,0,1,1,1,0,0,0,1,0,0,1,0,0,0,1,0,0,0,0,1,0,0,0,1,0,0,0,1,0,0,1,0,1,0,0,1,1,1,1,0,1,0,1,0,0,0,1,0,1,0,1,1,1,0,1,1,0,1,1,1,1,1,0,1,0,1,1,0,0,1,0,1,1,1,1,0,1,1,1,1,1,0,88.4,Nc1ccc(-c2ccc3nc(-c4cc(C(=O)O)cc(-n5c(=O)c6cc7c(=O)n(-c8cc(C(=O)O)cc(C(=O)O)c8)c(=O)c7cc6c5=O)c4)[nH]c3c2)cc1N
43,0,0,0,0,0,0,0,0,0,0,0,0,1,0,0,0,0,0,0,0,0,0,0,0,0,0,0,0,1,0,0,0,0,1,0,0,1,0,0,0,0,0,0,0,0,1,0,1,0,0,1,0,0,1,1,1,0,0,0,1,0,0,1,0,0,0,1,0,1,0,0,1,0,0,0,1,0,0,0,1,0,0,1,0,1,0,0,1,1,1,1,0,1,0,1,0,0,0,1,0,1,0,1,1,1,0,0,1,0,1,1,1,1,1,0,1,0,1,1,0,0,1,0,1,0,1,1,0,1,1,1,1,1,0,423.0,Nc1ccc(-c2nc(-c3ccc(N)cc3)nc(-c3ccc(-n4c(=O)c5cc6c(=O)oc(=O)c6cc5c4=O)cc3)n2)cc1
44,0,0,0,0,0,0,0,0,0,0,0,0,1,0,0,0,0,0,0,0,0,0,0,0,0,0,0,0,0,0,0,0,0,1,0,0,1,0,0,0,0,0,0,0,0,0,0,1,1,0,1,0,0,0,1,0,0,0,0,0,0,0,0,0,0,0,0,0,1,0,0,0,0,0,0,0,0,0,0,0,0,0,0,0,0,0,1,1,1,0,0,0,1,0,0,0,0,0,1,0,1,0,1,1,1,0,0,0,0,1,0,0,1,0,0,0,0,0,1,0,0,1,0,1,0,1,1,0,1,1,1,1,1,0,0.0,Nc1ccc(-c2nc(-c3ccc(N)cc3)nc(-c3ccc(/N=C/c4ccc(-c5cc(-c6ccc(C=O)cc6)cc(-c6ccc(C=O)cc6)n5)cc4)cc3)n2)cc1
45,0,0,0,0,0,0,0,0,0,0,0,0,1,0,0,0,0,0,0,0,0,0,0,0,0,0,0,0,0,0,0,0,0,1,0,0,1,0,0,0,0,0,0,0,0,0,0,1,1,0,1,0,0,0,1,0,0,0,0,0,0,0,0,0,0,0,0,0,1,0,0,0,0,0,0,0,0,0,0,0,0,0,0,0,0,0,1,1,1,0,0,0,1,0,0,0,0,0,1,0,1,0,1,1,1,0,0,0,0,1,0,0,1,0,0,0,0,0,1,0,0,1,0,1,0,1,1,0,1,1,1,1,1,0,0.0,Nc1ccc(-c2nc(-c3ccc(N)cc3)nc(-c3ccc(/N=C/c4ccc(-c5nc(-c6ccc(C=O)cc6)nc(-c6ccc(C=O)cc6)n5)cc4)cc3)n2)cc1
46,0,0,0,0,0,0,0,0,0,0,0,0,1,0,0,0,0,0,0,0,0,0,0,0,0,0,0,0,0,0,0,0,0,1,0,0,1,0,0,0,0,0,0,0,0,0,0,1,1,0,1,0,0,0,1,1,0,0,0,0,0,0,0,0,0,0,0,0,1,0,0,0,0,0,0,0,0,0,0,0,0,0,0,0,0,0,1,1,1,1,0,0,1,0,0,0,0,0,1,0,1,0,1,1,1,0,0,0,0,1,0,0,1,0,0,1,0,0,1,0,0,1,0,1,0,1,1,0,1,1,1,1,1,0,2.4,Nc1ccc(-c2nc(-c3ccc(N)cc3)nc(-c3ccc(/N=C/c4ccc(N(c5ccc(C=O)cc5)c5ccc(C=O)cc5)cc4)cc3)n2)cc1
47,0,0,0,0,0,0,0,0,0,0,0,0,1,0,0,0,0,0,0,0,0,0,0,0,0,0,0,0,1,0,0,0,0,1,0,0,1,0,0,0,0,0,0,0,0,1,0,1,0,0,1,0,0,0,1,1,0,0,0,1,0,0,1,0,0,0,0,0,1,0,0,1,0,0,0,1,0,0,0,1,0,0,0,0,1,0,0,1,1,1,1,0,1,0,1,0,0,0,1,0,1,0,1,1,1,0,0,1,0,1,1,0,1,1,0,1,0,1,1,0,0,1,0,1,1,1,1,0,1,1,1,1,1,0,388.0,Nc1ccc(-c2nc(-c3ccc(N)cc3)nc(-c3ccc(N4C(=O)c5ccc6c7c(ccc(c57)C4=O)C(=O)OC6=O)cc3)n2)cc1
48,0,0,0,0,0,0,0,0,0,0,0,0,1,0,0,0,0,0,0,0,0,0,0,0,1,0,0,0,0,0,0,0,0,1,0,0,1,0,0,0,0,0,0,0,0,0,0,1,1,0,1,0,0,0,1,0,0,0,0,1,0,0,0,0,0,0,0,1,1,0,0,0,0,0,0,0,0,0,0,0,0,0,1,0,0,0,1,1,1,0,0,0,1,0,1,0,0,0,1,0,1,0,1,1,1,0,1,1,0,1,1,1,1,1,0,0,0,1,1,1,0,1,0,1,1,1,1,0,1,1,1,1,1,0,400.0,Nc1ccc(-c2nc(-c3ccc(N)nc3)nc(-c3ccc(N=Cc4c(O)c(C=O)c(O)c(C=O)c4O)nc3)n2)cn1
49,0,0,0,0,0,0,0,0,0,0,0,0,1,0,0,0,0,0,0,0,0,0,0,0,1,0,0,0,0,0,0,0,0,1,0,0,1,0,0,0,0,0,0,0,0,0,0,1,1,0,1,0,0,0,1,0,0,0,0,1,0,0,0,0,0,0,0,1,1,0,0,0,0,0,0,0,0,0,0,0,0,0,1,0,0,0,1,1,1,0,0,0,1,0,1,0,0,0,1,0,1,0,1,1,1,0,1,1,0,1,1,1,1,1,0,0,0,1,1,1,0,1,0,1,1,1,1,0,1,1,1,1,1,0,310.0,Nc1ccc(-c2nc(-c3ccc(N)nc3)nc(-c3ccc(N=Cc4cc(C=O)c(O)c(C=O)c4O)nc3)n2)cn1
50,0,0,0,0,0,0,0,0,0,0,0,0,1,0,0,0,0,0,0,0,0,0,0,0,0,0,0,0,0,0,0,0,0,1,0,0,1,0,0,0,0,0,0,0,0,0,0,1,1,0,1,0,0,0,1,0,0,0,0,1,0,0,0,0,0,0,0,1,1,0,0,0,0,0,0,0,0,0,0,0,0,0,1,0,0,0,1,1,1,0,0,0,1,0,1,0,0,0,1,0,1,0,1,1,1,0,1,0,0,1,1,1,1,1,0,0,0,1,1,1,0,1,0,1,1,1,1,0,1,1,1,1,1,0,546.0,Nc1ccc(-c2nc(-c3ccc(N)nc3)nc(-c3ccc(N=Cc4cc(C=O)cc(C=O)c4O)nc3)n2)cn1
51,0,0,0,0,0,0,0,0,0,0,0,0,0,0,0,0,0,0,0,0,0,0,0,0,0,0,0,0,0,0,0,0,0,1,0,0,1,0,0,0,0,0,0,0,0,1,0,0,1,0,0,0,0,1,1,1,0,0,0,0,0,0,0,0,0,0,1,0,1,0,0,1,0,0,0,1,0,0,0,0,0,0,0,0,0,0,1,1,1,1,0,0,1,0,0,0,0,0,1,0,1,0,1,1,1,0,0,0,0,1,0,0,1,0,0,1,0,0,1,0,0,1,0,1,0,1,1,0,1,1,1,1,1,0,14.5,Nc1ccc(-n2c3ccc(N)cc3c3cc(/N=C/c4ccc(-c5cc(-c6ccc(C=O)cc6)cc(-c6ccc(C=O)cc6)n5)cc4)ccc32)cc1
52,0,0,0,0,0,0,0,0,0,0,0,0,1,0,0,0,0,0,0,0,0,0,0,0,0,0,0,0,0,0,0,0,0,1,0,0,1,0,0,0,0,0,0,0,0,1,0,1,1,0,1,0,0,1,1,1,0,0,0,0,0,0,0,0,0,0,1,0,1,0,0,1,0,0,0,1,0,0,0,0,0,0,0,0,0,0,1,1,1,1,0,0,1,0,0,0,0,0,1,0,1,0,1,1,1,0,0,0,0,1,0,0,1,0,0,1,0,0,1,0,0,1,0,1,0,1,1,0,1,1,1,1,1,0,17.4,Nc1ccc(-n2c3ccc(N)cc3c3cc(/N=C/c4ccc(-c5nc(-c6ccc(C=O)cc6)nc(-c6ccc(C=O)cc6)n5)cc4)ccc32)cc1
53,0,0,0,0,0,0,0,0,0,0,0,0,0,0,0,0,0,0,0,0,0,0,0,0,0,0,0,0,0,0,0,0,0,1,0,0,1,0,0,0,0,0,0,0,0,1,0,0,1,0,0,0,0,1,1,1,0,0,0,0,0,0,0,0,0,0,1,0,0,0,0,1,0,0,0,1,0,0,0,0,0,0,0,0,0,0,1,0,1,1,0,0,1,0,0,0,0,0,1,0,1,0,1,1,1,0,0,0,0,1,0,0,1,0,0,1,0,0,1,0,0,1,0,1,0,1,1,0,1,1,1,1,1,0,13.6,Nc1ccc(-n2c3ccc(N)cc3c3cc(/N=C/c4ccc(N(c5ccc(C=O)cc5)c5ccc(C=O)cc5)cc4)ccc32)cc1
54,0,0,0,0,0,0,0,0,0,0,0,0,0,0,0,0,0,1,0,0,0,1,0,0,1,0,0,0,0,0,0,0,0,1,0,0,1,0,0,0,0,0,0,0,0,1,1,0,0,0,0,0,0,1,1,1,0,0,0,1,0,0,0,0,0,0,1,1,0,1,0,1,0,0,0,1,0,0,0,0,0,0,0,0,0,0,0,0,1,1,0,0,1,0,1,0,0,0,1,0,1,0,1,1,1,0,1,1,0,1,1,0,1,1,0,1,0,1,1,1,0,1,0,1,1,1,1,0,1,1,1,1,1,0,150.0,Nc1ccc(-n2c3ccc(N)cc3c3cc(NC=C4C(=O)C(C=O)=C(O)C(C=O)=C4O)ccc32)cc1
55,0,0,0,0,0,0,0,0,0,0,0,0,0,0,0,0,0,0,0,0,0,0,0,0,0,0,0,0,0,0,0,0,0,1,0,0,1,0,0,0,0,0,0,0,0,0,0,0,1,0,0,0,0,0,1,1,0,0,0,0,0,0,0,0,0,0,0,0,1,0,0,0,0,0,0,0,0,0,0,0,0,0,0,0,0,0,1,0,1,1,0,0,1,0,0,0,0,0,1,0,1,0,1,1,1,0,0,0,0,1,0,0,1,0,0,1,0,0,1,0,0,1,0,1,0,1,1,0,1,1,1,1,1,0,14.4,Nc1ccc(N(c2ccc(N)cc2)c2ccc(/N=C/c3ccc(-c4cc(-c5ccc(C=O)cc5)cc(-c5ccc(C=O)cc5)n4)cc3)cc2)cc1
56,0,0,0,0,0,0,0,0,0,0,0,0,1,0,0,0,0,0,0,0,0,0,0,0,0,0,0,0,0,0,0,0,0,1,0,0,1,0,0,0,0,0,0,0,0,0,0,1,1,0,1,0,0,0,1,1,0,0,0,0,0,0,0,0,0,0,0,0,1,0,0,0,0,0,0,0,0,0,0,0,0,0,0,0,0,0,1,1,1,1,0,0,1,0,0,0,0,0,1,0,1,0,1,1,1,0,0,0,0,1,0,0,1,0,0,1,0,0,1,0,0,1,0,1,0,1,1,0,1,1,1,1,1,0,5.1,Nc1ccc(N(c2ccc(N)cc2)c2ccc(/N=C/c3ccc(-c4nc(-c5ccc(C=O)cc5)nc(-c5ccc(C=O)cc5)n4)cc3)cc2)cc1
57,0,0,0,0,0,0,0,0,0,0,0,0,0,0,0,0,0,0,0,0,0,0,0,0,0,0,0,0,0,0,0,0,0,0,0,0,0,0,0,0,0,0,0,0,0,0,0,0,1,0,0,0,0,0,1,1,0,0,0,0,0,0,0,0,0,0,0,0,0,0,0,0,0,0,0,0,0,0,0,0,0,0,0,0,0,0,1,0,0,1,0,0,1,0,0,0,0,0,1,0,1,0,1,1,0,0,0,0,0,1,0,0,1,0,0,1,0,0,1,0,0,1,0,1,0,1,1,0,1,1,1,1,1,0,51.3,Nc1ccc(N(c2ccc(N)cc2)c2ccc(/N=C/c3ccc(N(c4ccc(C=O)cc4)c4ccc(C=O)cc4)cc3)cc2)cc1
58,0,0,0,0,0,0,0,0,0,0,0,0,0,0,0,0,0,1,0,0,0,1,0,0,1,0,0,0,0,0,0,0,0,0,0,0,0,0,0,0,0,0,0,0,0,0,1,0,0,0,0,0,0,0,1,1,0,0,0,1,0,0,0,0,0,0,0,1,0,1,0,0,0,0,0,0,0,0,0,0,0,0,0,0,0,0,0,0,0,1,0,0,1,0,1,0,0,0,1,0,1,0,1,1,0,0,1,1,0,1,1,0,1,1,0,1,0,1,1,1,0,1,0,1,1,1,1,0,1,1,1,1,1,0,291.1,Nc1ccc(N(c2ccc(N)cc2)c2ccc(NC=C3C(=O)C(C=O)=C(O)C(C=O)=C3O)cc2)cc1
59,0,0,0,0,0,0,0,0,0,0,0,0,0,0,0,0,0,1,0,0,0,1,0,0,0,0,0,0,0,0,0,0,0,0,0,0,0,0,0,0,0,0,0,0,0,0,1,0,0,0,0,0,0,0,1,0,0,0,0,1,0,0,0,0,0,0,0,1,0,1,0,0,0,0,0,0,0,0,0,0,0,0,0,0,0,0,0,0,0,0,0,0,1,0,1,0,0,0,1,0,1,0,1,1,0,0,0,0,0,1,1,0,1,1,0,0,0,1,1,1,0,1,0,1,0,1,1,0,1,1,1,1,1,0,95.0,Nc1ccc(NC=C2C(=O)C(=CNc3ccc(N)cc3)C(=O)C(=CNc3ccc(N)cc3)C2=O)cc1
60,0,0,0,0,0,0,0,0,0,0,0,0,0,0,0,0,0,0,0,0,0,0,0,0,0,0,0,0,0,0,0,0,0,0,0,0,0,0,0,0,0,0,0,0,0,0,0,0,1,0,0,0,0,0,1,0,0,0,0,0,0,0,0,0,0,0,0,0,0,0,0,0,0,0,0,0,0,0,0,0,0,0,1,0,0,0,1,0,0,0,0,0,1,1,1,0,0,0,0,0,1,0,1,0,0,0,0,0,0,1,1,0,1,0,0,0,0,0,1,1,0,1,0,1,1,1,1,0,1,1,1,1,1,0,575.0,Nc1ccc(Oc2ccc(/N=C/c3ccc(C=O)cc3)cc2)cc1
61,0,0,0,0,0,0,0,0,0,0,0,0,0,0,0,0,0,1,0,0,0,1,0,0,0,0,0,0,0,0,0,0,0,0,0,0,0,0,0,0,0,0,0,0,0,0,1,0,0,0,0,0,0,0,1,0,0,0,0,1,0,0,0,0,0,0,0,1,0,1,0,1,0,0,0,1,0,0,0,0,0,0,0,0,0,0,0,0,0,0,0,0,1,0,1,0,0,0,1,0,1,0,1,1,0,0,0,1,0,1,1,1,1,1,0,0,0,1,1,1,0,1,0,1,0,1,1,0,1,1,1,1,1,0,49.0,Nc1ccc2c(c1)C(=O)c1ccc(NC=C3C(=O)C(=CNc4ccc5c(c4)C(=O)c4ccc(N)cc4C5=O)C(=O)C(=CNc4ccc5c(c4)C(=O)c4ccc(N)cc4C5=O)C3=O)cc1C2=O
62,0,0,0,0,0,1,0,0,0,0,0,0,0,0,0,0,0,0,0,0,0,0,0,0,1,0,0,0,0,0,0,0,0,0,0,0,1,0,0,0,0,0,0,0,0,0,0,1,0,0,1,0,0,0,1,0,0,0,0,0,0,0,0,0,0,0,0,0,1,0,0,1,0,0,0,1,1,0,0,0,0,0,0,0,0,0,0,1,1,0,0,0,1,0,1,0,0,0,1,0,1,0,1,1,1,0,0,1,0,1,1,1,1,1,0,0,0,0,1,1,0,1,0,1,0,1,1,0,1,1,1,1,1,0,468.0,Nc1ccc2c(c1)C(=O)c1ccc(Nc3nc(Nc4ccc5c(c4)C(=O)c4ccc(N)cc4C5=O)nc(Nc4ccc5c(c4)C(=O)c4ccc(N)cc4C5=O)n3)cc1C2=O
63,0,0,0,0,0,0,0,0,0,0,0,0,0,0,0,0,0,1,0,0,0,1,0,0,0,0,0,0,0,0,0,0,0,0,0,0,0,0,0,0,0,0,0,0,0,0,1,0,0,0,0,0,0,0,1,0,0,0,0,1,0,0,0,0,0,0,0,1,0,1,0,1,0,0,0,1,0,0,0,0,0,0,0,0,0,0,0,0,0,0,0,0,1,0,1,0,0,0,1,0,1,0,1,1,0,0,0,0,0,1,1,0,1,1,0,0,0,1,1,1,0,1,0,1,0,1,1,0,1,1,1,1,1,0,379.0,Nc1cccc2c(NC=C3C(=O)C(=CNc4cccc5c(N)cccc45)C(=O)C(=CNc4cccc5c(N)cccc45)C3=O)cccc12
64,0,0,0,0,0,0,0,0,0,0,0,0,0,0,0,0,0,0,0,0,0,0,0,0,0,0,0,0,0,0,0,0,0,0,0,0,0,0,0,0,0,0,0,0,0,0,0,0,0,0,0,0,0,0,1,0,0,0,0,0,0,0,0,0,0,0,0,0,0,0,0,0,0,0,0,0,0,0,0,0,0,0,0,0,0,0,0,0,0,0,0,0,0,0,0,0,0,0,0,0,1,0,1,0,0,0,0,0,0,0,0,0,0,0,0,0,0,0,1,0,0,0,0,1,0,1,0,0,1,1,1,0,1,0,386.2,Nc1ccccc1
65,0,0,0,0,0,1,0,0,0,0,0,0,0,0,0,0,0,0,0,0,0,0,0,0,1,0,0,0,0,0,0,0,0,0,0,0,1,0,0,0,0,0,0,0,0,1,0,1,1,1,1,0,0,0,1,1,1,0,0,0,0,0,0,0,0,0,0,0,1,0,1,0,0,0,0,0,1,0,0,0,1,0,0,0,0,1,1,1,1,1,0,0,1,0,0,1,1,0,1,0,1,0,1,0,1,1,0,0,0,1,0,0,1,0,1,1,0,0,1,0,1,0,0,1,0,1,0,0,1,1,1,0,1,0,335.0,Nc1nc(N)nc(/N=C/N2CCN(/C=N/c3nc(N)nc(N)n3)CC2)n1
66,0,0,0,0,0,1,0,0,0,0,0,0,0,0,0,0,0,0,0,0,0,0,0,0,1,0,0,0,0,0,0,0,0,0,0,0,1,0,0,0,0,0,0,0,0,0,0,1,1,0,1,0,0,0,1,0,0,0,0,0,0,0,0,0,0,0,0,0,1,0,0,0,0,0,0,0,1,0,0,0,0,0,0,0,0,0,1,1,1,0,0,0,1,0,0,0,0,0,1,0,1,0,1,0,1,0,0,0,0,1,0,0,1,0,0,0,0,0,1,0,0,1,0,1,0,1,0,0,1,1,1,1,1,0,1236.0,Nc1nc(N)nc(/N=C/c2ccc(C=O)cc2)n1
67,0,0,0,0,0,1,0,0,0,0,0,0,0,0,0,0,0,0,0,0,0,0,0,0,1,0,0,0,0,0,0,0,0,0,0,0,1,0,0,0,0,0,0,0,0,1,0,1,1,1,1,0,0,0,1,1,1,0,0,0,0,0,0,0,0,0,0,0,1,0,1,0,0,0,0,0,1,0,0,1,1,0,0,0,1,1,1,1,1,1,0,0,0,0,0,1,1,0,1,0,1,0,1,0,1,1,0,0,0,1,0,0,1,0,1,1,0,0,1,0,1,1,0,1,0,1,0,0,1,1,1,1,1,0,335.0,Nc1nc(N)nc(N=CN2CCN(C=O)CC2)n1
68,0,0,0,0,0,1,0,0,0,0,0,0,0,0,0,0,0,0,0,0,0,0,0,0,1,0,0,0,0,0,0,0,0,0,0,0,1,0,0,0,0,0,0,0,0,0,0,1,1,0,1,0,0,0,1,0,0,0,0,0,0,0,0,0,0,0,0,0,1,0,0,0,0,0,0,0,1,0,0,0,0,0,0,0,0,0,1,1,1,0,0,0,1,0,0,0,0,0,1,0,1,0,1,0,1,0,0,0,0,1,0,0,1,0,0,0,0,0,1,0,0,1,0,1,0,1,0,0,1,1,1,1,1,0,289.0,Nc1nc(N)nc(N=Cc2ccc(C=O)cc2)n1
69,0,0,0,0,0,0,0,0,0,0,1,0,0,0,0,0,1,0,0,0,0,0,0,0,0,0,0,0,0,0,0,0,0,0,0,0,0,0,0,0,0,0,0,0,0,0,0,0,0,0,0,0,0,0,0,0,0,0,0,0,0,0,0,0,0,0,0,0,0,0,0,0,1,0,0,0,0,0,0,0,0,0,0,0,0,0,0,0,0,0,1,1,0,1,0,0,0,0,0,0,0,0,0,1,0,0,1,1,0,0,0,1,0,1,0,0,0,1,0,0,0,1,0,0,1,0,1,0,0,1,1,1,1,0,300.4,O=C(O)c1ccccc1C(=O)O[K]
70,0,0,0,0,0,0,0,0,0,0,1,0,0,0,0,0,1,0,0,0,0,0,0,0,1,0,0,0,0,0,0,0,0,0,0,0,0,0,0,0,0,0,0,0,0,0,0,0,0,0,0,0,0,0,0,0,0,0,0,1,1,0,0,0,0,0,0,0,0,0,0,0,1,0,0,0,0,0,0,0,0,0,1,0,0,0,0,0,0,0,1,1,1,1,1,0,0,1,1,0,0,0,0,1,0,0,1,1,0,0,1,1,1,1,0,0,0,1,0,1,0,1,1,0,1,0,1,0,0,1,1,1,1,0,175.2,O=C(O[K])c1ccc(O)c(Cc2c(O)ccc(C(=O)O[K])c2O)c1O
71,0,0,0,0,0,0,0,0,0,0,1,0,0,0,0,0,1,0,0,0,0,0,0,0,0,0,0,0,0,0,0,0,0,0,0,0,0,0,0,0,0,0,1,0,0,0,0,0,0,0,0,0,0,0,0,0,0,0,0,0,0,0,0,0,0,0,0,0,0,0,0,0,1,0,0,0,0,0,0,0,0,0,0,0,0,0,0,0,0,0,1,1,0,1,0,0,0,1,0,0,0,0,0,1,0,0,0,1,0,0,0,0,0,1,0,0,0,0,0,0,0,1,0,0,1,0,1,0,0,0,0,1,0,0,245.0,O=C(O[Na])C(=O)O[Na]
72,0,1,0,0,0,0,0,0,0,0,0,0,0,0,0,0,1,0,0,0,0,0,0,0,0,1,0,0,1,0,0,0,0,0,0,0,0,1,0,0,0,0,1,0,0,0,0,0,0,0,0,0,0,0,0,0,0,0,0,1,1,0,0,0,0,0,0,0,0,0,0,1,1,0,1,0,0,0,0,0,0,1,0,0,0,0,0,1,0,0,1,1,0,0,1,0,0,1,1,1,0,0,0,1,1,0,1,1,0,0,1,0,0,1,0,0,0,0,0,1,0,1,0,0,1,0,1,0,0,0,0,1,1,0,236.5,O=C1CC(O)(C(=O)O)CC(=O)O[Mg]O1
73,0,0,0,0,0,0,0,0,0,0,0,0,1,0,0,0,0,0,0,0,0,0,0,0,0,0,0,0,1,0,0,0,0,1,0,0,1,0,0,0,0,0,0,0,0,1,0,1,0,0,1,0,0,0,0,1,0,0,0,1,0,0,1,0,0,0,0,0,1,0,0,1,0,0,0,1,0,0,0,1,0,0,0,0,1,0,0,1,1,1,1,0,1,0,1,0,0,0,0,0,1,0,1,1,1,0,0,1,0,1,1,0,1,1,0,1,0,1,0,0,0,1,0,1,1,1,1,0,1,1,1,1,1,0,388.0,O=C1OC(=O)c2ccc3c4c(ccc1c24)C(=O)N(c1ccc(-c2nc(-c4ccc(N5C(=O)c6ccc7c8c(ccc(c68)C5=O)C(=O)OC7=O)cc4)nc(-c4ccc(N5C(=O)c6ccc7c8c(ccc(c68)C5=O)C(=O)OC7=O)cc4)n2)cc1)C3=O
74,0,0,0,0,0,0,0,0,0,0,0,0,0,0,0,0,0,0,0,0,0,0,0,0,0,0,0,0,0,0,0,0,0,0,0,0,1,0,0,0,0,0,1,0,0,0,0,0,0,1,1,0,0,0,0,0,0,0,0,1,0,0,0,0,0,1,0,1,1,0,0,1,0,0,0,1,0,0,0,0,0,0,1,0,0,0,0,1,1,0,0,0,1,0,1,0,0,0,0,0,0,0,0,1,1,0,0,1,0,1,1,1,1,1,0,0,0,1,0,1,0,1,0,1,0,0,1,0,1,1,1,1,1,0,585.0,O=C1c2nc3c(=O)c(=O)c(=O)c(=O)c3nc2C(=O)c2nc3c(=O)c(=O)c(=O)c(=O)c3nc21
75,0,0,0,0,0,0,0,0,0,0,0,0,1,0,0,0,0,0,0,0,0,0,0,0,1,0,0,0,0,0,0,0,0,1,0,0,1,0,0,0,0,0,0,0,0,0,0,1,1,0,1,0,0,0,0,0,0,0,0,1,0,0,0,0,0,0,0,1,1,0,0,0,0,0,0,0,0,0,0,0,0,0,1,0,0,0,1,1,1,0,0,0,1,0,1,0,0,0,1,0,1,0,1,1,1,0,1,1,0,1,1,1,1,1,0,0,0,1,0,1,0,1,0,1,1,1,1,0,1,1,1,1,1,0,400.0,O=Cc1c(O)c(C=O)c(O)c(/C=N/c2ccc(-c3nc(-c4ccc(/N=C/c5c(O)c(C=O)c(O)c(C=O)c5O)nc4)nc(-c4ccc(/N=C/c5c(O)c(C=O)c(O)c(C=O)c5O)nc4)n3)cn2)c1O
76,0,0,0,0,0,0,0,0,0,0,0,0,1,0,0,0,0,0,0,0,0,0,0,0,1,0,0,0,0,0,0,0,0,1,0,0,1,0,0,0,0,0,0,0,0,0,0,1,1,0,1,0,0,0,0,0,0,0,0,1,0,0,0,0,0,0,0,1,1,0,0,0,0,0,0,0,0,0,0,0,0,0,1,0,0,0,1,1,1,0,0,0,1,0,1,0,0,0,1,0,1,0,1,1,1,0,1,1,0,1,1,1,1,1,0,0,0,1,0,1,0,1,0,1,1,1,1,0,1,1,1,1,1,0,310.0,O=Cc1cc(/C=N/c2ccc(-c3nc(-c4ccc(/N=C/c5cc(C=O)c(O)c(C=O)c5O)nc4)nc(-c4ccc(/N=C/c5cc(C=O)c(O)c(C=O)c5O)nc4)n3)cn2)c(O)c(C=O)c1O
77,0,0,0,0,0,0,0,0,0,0,0,0,1,0,0,0,0,0,0,0,0,0,0,0,0,0,0,0,0,0,0,0,0,1,0,0,1,0,0,0,0,0,0,0,0,0,0,1,1,0,1,0,0,0,0,0,0,0,0,1,0,0,0,0,0,0,0,1,1,0,0,0,0,0,0,0,0,0,0,0,0,0,1,0,0,0,1,1,1,0,0,0,1,0,1,0,0,0,1,0,1,0,1,1,1,0,1,1,0,1,1,1,1,1,0,0,0,1,0,1,0,1,0,1,1,1,1,0,1,1,1,1,1,0,546.0,O=Cc1cc(C=O)c(O)c(/C=N\c2ccc(-c3nc(-c4ccc(/N=C\c5cc(C=O)cc(C=O)c5O)nc4)nc(-c4ccc(/N=C/c5cc(C=O)cc(C=O)c5O)nc4)n3)cn2)c1
78,0,0,0,0,0,0,0,0,0,0,0,0,1,0,0,0,0,0,0,0,0,0,0,0,0,0,0,0,0,0,0,0,0,1,0,0,1,0,0,0,0,0,0,0,0,0,0,1,1,0,1,0,0,0,0,0,0,0,0,0,0,0,0,0,0,1,0,1,1,0,0,0,0,0,0,0,0,0,0,0,0,0,1,0,0,0,1,1,1,0,0,0,1,0,1,0,0,0,1,0,1,0,1,1,1,0,1,1,0,1,1,1,1,1,0,0,0,1,0,1,0,1,0,1,1,1,1,0,1,1,1,1,1,0,256.0,O=Cc1ccc(-c2nc(-c3ccc(C=O)cc3)nc(-c3ccc(/C=N/c4cc(O)c(/N=C/c5ccc(-c6nc(-c7ccc(C=O)cc7)nc(-c7ccc(C=O)cc7)n6)cc5)cc4O)cc3)n2)cc1
79,0,0,0,0,0,0,0,0,0,0,0,1,0,0,0,0,0,0,1,0,0,0,1,0,0,0,1,0,0,1,1,1,1,1,0,0,0,0,1,0,0,0,0,1,0,0,0,0,0,0,0,1,0,0,0,0,0,1,1,0,0,0,0,0,0,0,0,0,1,0,0,1,1,0,0,1,0,1,0,0,0,1,0,0,0,0,0,1,0,0,0,1,1,0,1,0,0,1,0,0,0,1,0,1,1,0,0,1,0,0,1,1,1,1,0,1,0,0,0,0,0,0,0,0,0,0,1,0,0,1,1,1,1,0,52.0,O=S1(=O)c2ccc(Br)cc2S(=O)(=O)c2cc(-c3ccc(-c4ccc(C(c5ccc(Br)cc5)C(c5ccc(Br)cc5)c5ccc(Br)cc5)cc4)cc3)ccc21
80,0,0,0,0,1,0,0,0,0,0,0,0,0,0,0,0,0,0,0,0,1,0,0,1,1,0,0,1,0,0,0,0,0,0,1,0,0,0,0,0,1,1,0,0,0,0,0,0,0,0,0,0,0,0,0,0,0,0,0,1,0,0,0,0,1,1,0,1,0,0,0,0,1,0,0,0,0,0,0,0,0,0,1,0,0,0,1,0,0,1,0,1,1,0,1,0,0,1,1,0,1,0,1,0,0,0,1,1,0,1,1,1,1,1,0,1,0,1,0,1,0,0,0,1,1,1,1,0,1,1,1,1,1,0,378.5,O=[N+]([O-])c1ccc(/N=N/c2ccc(O)cc2O)cc1
81,0,0,0,0,0,0,0,0,0,0,0,0,0,0,0,0,0,0,0,0,0,0,0,0,0,0,0,0,0,0,0,0,0,0,0,0,1,0,0,0,0,0,1,0,0,0,0,0,0,1,1,0,0,0,0,0,0,0,0,1,0,0,0,0,0,1,0,1,1,0,0,1,0,0,0,1,0,0,0,0,0,0,1,0,0,0,0,1,1,0,0,0,1,0,1,0,0,0,0,0,0,0,0,1,1,0,0,1,0,1,1,1,1,1,0,0,0,1,0,1,0,1,0,1,0,0,1,0,1,1,1,1,1,0,224.0,O=c1c(=O)c(=O)c2nc3cc4nc5c(=O)c(=O)c(=O)c(=O)c5nc4cc3nc2c1=O
82,0,0,0,0,0,0,0,0,0,0,0,0,1,0,0,0,0,0,0,0,0,0,0,0,0,0,0,0,1,0,0,0,0,1,0,0,1,0,0,0,0,0,0,0,0,1,0,1,0,0,1,0,0,1,0,1,0,0,0,1,0,0,1,0,0,0,1,0,1,0,0,1,0,0,0,1,0,0,0,1,0,0,1,0,1,0,0,1,1,1,1,0,1,0,1,0,0,0,0,0,1,0,1,1,1,0,0,1,0,1,1,1,1,1,0,1,0,1,0,0,0,1,0,1,0,1,1,0,1,1,1,1,1,0,423.0,O=c1oc(=O)c2cc3c(=O)n(-c4ccc(-c5nc(-c6ccc(-n7c(=O)c8cc9c(=O)oc(=O)c9cc8c7=O)cc6)nc(-c6ccc(-n7c(=O)c8cc9c(=O)oc(=O)c9cc8c7=O)cc6)n5)cc4)c(=O)c3cc12
83,0,0,0,1,0,0,0,0,0,0,0,0,0,0,0,1,1,0,1,0,0,0,0,0,0,0,0,0,0,0,0,0,0,1,0,0,1,0,0,1,0,0,0,0,0,0,0,0,0,1,1,0,0,0,0,0,0,1,0,0,0,1,0,0,0,0,0,0,1,0,0,1,1,0,0,1,0,1,0,0,0,0,0,0,0,1,0,1,1,0,0,1,1,0,0,0,0,1,1,0,0,1,0,0,1,0,1,1,0,1,0,1,1,1,1,1,0,0,0,0,0,0,0,1,0,0,1,0,1,1,1,1,1,0,75.3,OB(O)c1cc(B(O)O)c2ccc3c(B(O)O)cc(-c4ccc5c(c4)c4cc(Br)ccc4c4nc6cc7nc8c9ccc(Br)cc9c9cc(Br)ccc9c8nc7cc6nc54)c4c3c2c1CC4
84,0,0,0,1,0,0,0,0,0,0,0,0,0,0,0,1,1,0,1,0,0,0,0,0,0,0,0,0,0,0,0,0,0,1,0,0,1,0,0,1,0,0,0,0,0,0,0,0,0,1,1,0,0,0,0,0,0,1,0,0,0,0,0,0,0,0,0,0,1,0,0,1,1,0,0,1,0,1,0,0,0,0,0,0,0,0,0,1,1,0,0,1,1,0,0,0,0,1,1,0,0,1,0,0,1,0,1,1,0,1,0,0,1,1,0,1,0,0,0,0,0,0,0,1,0,0,1,0,1,1,1,1,1,0,24.9,OB(O)c1ccc(-c2cc(-c3ccc(-c4ccc5c(c4)c4cc(Br)ccc4c4nc6cc7nc8c9ccc(Br)cc9c9cc(Br)ccc9c8nc7cc6nc54)cc3)cc(-c3ccc(B(O)O)cc3)n2)cc1
85,0,0,0,1,0,0,0,0,0,0,0,0,1,0,0,1,1,0,1,0,0,0,0,0,0,0,0,0,0,0,0,0,0,1,0,0,1,0,0,1,0,0,0,0,0,0,0,1,0,1,1,0,0,0,0,0,0,1,0,0,0,0,0,0,0,0,0,0,1,0,0,1,1,0,0,1,0,1,0,0,0,0,0,0,0,0,0,1,1,0,0,1,1,0,0,0,0,1,1,0,0,1,0,0,1,0,1,1,0,1,0,0,1,1,0,1,0,0,0,0,0,0,0,1,0,0,1,0,1,1,1,1,1,0,121.9,OB(O)c1ccc(-c2nc(-c3ccc(B(O)O)cc3)nc(-c3ccc(-c4ccc5c(c4)c4cc(Br)ccc4c4nc6cc7nc8c9ccc(Br)cc9c9cc(Br)ccc9c8nc7cc6nc54)cc3)n2)cc1
86,0,0,0,0,0,0,0,0,0,0,0,0,0,0,0,0,0,0,0,0,0,0,0,0,0,1,0,0,1,0,0,0,0,0,0,0,0,0,0,0,0,0,1,0,0,0,0,0,0,0,0,0,1,0,0,0,0,0,0,1,0,1,0,0,0,0,0,0,1,0,0,0,0,0,0,1,0,0,1,0,0,0,0,0,0,0,0,1,0,0,1,0,0,0,1,0,0,0,1,1,0,0,0,0,1,1,1,1,0,0,1,0,1,1,0,0,0,1,0,1,1,0,1,0,1,0,1,0,0,0,1,1,1,0,38.0,OC[C@H]1O[C@@H]2O[C@H]3[C@H](O)[C@@H](O)[C@@H](O[C@H]4[C@H](O)[C@@H](O)[C@@H](O[C@H]5[C@H](O)[C@@H](O)[C@@H](O[C@H]6[C@H](O)[C@@H](O)[C@@H](O[C@H]7[C@H](O)[C@@H](O)[C@@H](O[C@H]1[C@H](O)[C@H]2O)O[C@@H]7CO)O[C@@H]6CO)O[C@@H]5CO)O[C@@H]4CO)O[C@@H]3CO
87,0,0,0,0,0,0,0,0,0,0,0,0,0,0,0,0,0,0,0,0,0,0,0,0,1,1,0,0,1,0,0,0,0,0,0,0,0,0,0,0,0,0,1,0,0,0,0,0,0,0,0,0,1,0,0,0,0,0,0,1,1,1,0,0,0,0,0,0,1,0,0,0,0,0,0,0,0,0,1,0,0,0,0,0,0,0,0,1,0,0,1,0,0,1,1,0,0,0,1,1,0,0,0,0,1,1,1,1,0,0,1,0,1,1,0,0,0,1,0,1,1,0,1,0,1,0,1,0,0,0,1,1,1,0,175.0,OC[C@H]1O[C@H](O[C@H]2[C@H](O)[C@@H](O)[C@H](O)O[C@@H]2CO)[C@H](O)[C@@H](O)[C@@H]1O
88,0,0,0,0,0,0,0,0,0,0,0,0,0,0,0,0,0,0,0,0,0,0,0,0,0,0,0,0,0,0,0,0,0,0,0,0,0,0,0,0,0,0,0,0,0,0,0,0,0,0,0,0,0,0,0,0,0,0,0,0,1,0,0,0,0,0,0,0,0,0,0,0,0,0,0,0,0,0,0,0,0,0,1,0,0,0,0,0,0,0,0,0,1,0,1,0,0,0,1,0,0,0,0,0,0,0,1,0,0,0,1,1,1,0,0,0,0,1,0,1,0,0,1,0,1,0,1,0,0,1,1,1,1,0,307.0,Oc1ccccc1Cc1ccccc1O
89,1,0,0,0,0,0,0,0,0,0,0,0,0,0,0,0,1,0,0,1,0,0,0,0,0,0,0,0,0,1,0,0,0,0,0,0,0,0,1,1,0,0,0,1,0,0,0,0,0,0,0,0,0,0,1,0,0,0,1,0,0,0,0,0,1,0,0,0,0,0,0,0,0,0,0,0,0,0,0,0,0,0,0,0,0,0,0,0,0,0,0,1,0,0,0,0,0,1,0,0,1,0,1,0,0,0,0,0,0,0,0,0,0,0,0,0,0,0,1,0,0,0,0,1,0,1,0,0,1,1,1,0,1,0,552.0,S=S=[Mo]<-Nc1ccccc1
90,0,0,0,0,0,1,0,0,0,0,0,0,0,0,0,0,0,0,0,0,1,0,0,0,0,0,0,0,0,0,0,0,0,1,0,0,1,0,0,0,0,0,0,0,0,1,0,1,0,0,1,0,0,0,0,1,0,0,0,0,0,0,0,0,0,0,0,0,1,0,0,0,0,0,0,0,1,0,0,0,0,0,0,0,0,0,0,1,1,1,0,0,1,0,0,0,0,0,0,0,1,0,1,0,1,0,0,0,0,1,0,0,1,0,0,1,0,0,0,0,0,0,0,1,0,1,0,0,1,1,1,0,1,0,196.0,c1cc(-c2cc[n+](-c3nc(-[n+]4ccc(-c5ccncc5)cc4)nc(-[n+]4ccc(-c5ccncc5)cc4)n3)cc2)ccn1
91,0,0,0,0,0,0,0,0,0,0,0,0,0,0,0,0,0,0,0,0,0,0,0,0,0,0,0,0,0,0,0,0,0,1,0,0,1,0,0,0,0,0,0,0,0,1,0,0,0,0,0,0,0,1,0,1,0,0,0,0,0,0,0,0,0,0,1,0,0,0,0,1,0,0,0,1,0,0,0,0,0,0,0,0,0,0,0,1,1,1,0,0,1,0,0,0,0,0,0,0,1,0,1,0,1,0,0,0,0,1,0,0,1,0,0,1,0,0,0,0,0,0,0,1,0,1,0,0,1,1,1,0,1,0,300.0,c1ccc2c(c1)c1ccccc1n2-c1ccc(-c2ccc(-n3c4ccccc4c4ccccc43)cc2)cc1
92,0,0,0,0,0,0,0,0,0,0,0,0,0,0,0,0,0,0,0,0,0,0,0,0,0,0,0,0,0,0,0,0,0,1,0,0,1,0,0,0,0,0,0,0,0,1,0,0,0,0,0,0,0,1,0,1,0,0,0,0,0,0,0,0,0,0,1,0,0,0,0,1,0,0,0,1,0,0,0,0,0,0,0,0,0,0,0,1,1,1,0,0,1,0,0,0,0,0,0,0,1,0,1,0,1,0,0,0,0,1,0,0,1,0,0,1,0,0,0,0,0,0,0,1,0,1,0,0,1,1,1,0,1,0,380.0,c1ccc2c(c1)c1ccccc1n2-c1ccc(N(c2ccc(-n3c4ccccc4c4ccccc43)cc2)c2ccc(-n3c4ccccc4c4ccccc43)cc2)cc1
93,0,0,0,0,0,1,0,0,0,0,0,0,0,0,0,0,0,0,0,0,0,0,0,0,0,0,0,0,0,0,0,0,0,1,0,0,1,0,0,0,0,0,0,0,0,1,0,1,0,0,1,0,0,1,0,1,0,0,0,0,0,0,0,0,0,0,1,0,1,0,0,1,0,0,0,1,1,0,0,0,0,0,0,0,0,0,0,1,1,1,0,0,1,0,0,0,0,0,0,0,1,0,1,0,1,0,0,0,0,1,0,0,1,0,0,1,0,0,0,0,0,0,0,1,0,1,0,0,1,1,1,0,1,0,550.0,c1ccc2c(c1)c1ccccc1n2-c1nc(-n2c3ccccc3c3ccccc32)nc(-n2c3ccccc3c3ccccc32)n1
94,0,0,0,0,0,0,0,0,0,0,0,0,1,0,0,0,0,0,0,0,0,0,0,0,0,0,0,0,0,0,0,0,0,1,0,0,1,0,0,0,0,0,0,0,0,0,0,1,0,0,1,0,0,0,0,0,0,0,0,0,0,0,0,0,0,0,0,0,1,0,0,1,0,0,0,1,0,0,0,0,0,0,0,0,0,0,0,1,1,0,0,0,1,0,0,0,0,0,0,0,0,0,0,0,1,0,0,0,0,1,0,1,1,0,0,0,0,1,0,0,0,0,0,1,0,0,0,0,1,1,1,0,1,0,81.2,c1ncnc(-c2cc3c(-c4ncncn4)c4cc(-c5ncncn5)c(-c5ncncn5)cc4c(-c4ncncn4)c3cc2-c2ncncn2)n1
