maccsfingerprint16,maccsfingerprint23,maccsfingerprint24,maccsfingerprint27,maccsfingerprint35,maccsfingerprint37,maccsfingerprint40,maccsfingerprint41,maccsfingerprint44,maccsfingerprint45,maccsfingerprint46,maccsfingerprint48,maccsfingerprint49,maccsfingerprint50,maccsfingerprint51,maccsfingerprint52,maccsfingerprint53,maccsfingerprint54,maccsfingerprint55,maccsfingerprint56,maccsfingerprint57,maccsfingerprint58,maccsfingerprint59,maccsfingerprint60,maccsfingerprint61,maccsfingerprint62,maccsfingerprint63,maccsfingerprint64,maccsfingerprint66,maccsfingerprint68,maccsfingerprint69,maccsfingerprint70,maccsfingerprint72,maccsfingerprint73,maccsfingerprint74,maccsfingerprint75,maccsfingerprint76,maccsfingerprint77,maccsfingerprint78,maccsfingerprint79,maccsfingerprint80,maccsfingerprint81,maccsfingerprint82,maccsfingerprint83,maccsfingerprint84,maccsfingerprint85,maccsfingerprint86,maccsfingerprint87,maccsfingerprint88,maccsfingerprint89,maccsfingerprint90,maccsfingerprint91,maccsfingerprint92,maccsfingerprint93,maccsfingerprint94,maccsfingerprint95,maccsfingerprint96,maccsfingerprint97,maccsfingerprint98,maccsfingerprint99,maccsfingerprint100,maccsfingerprint101,maccsfingerprint102,maccsfingerprint104,maccsfingerprint105,maccsfingerprint106,maccsfingerprint108,maccsfingerprint109,maccsfingerprint110,maccsfingerprint111,maccsfingerprint112,maccsfingerprint113,maccsfingerprint116,maccsfingerprint117,maccsfingerprint118,maccsfingerprint119,maccsfingerprint120,maccsfingerprint121,maccsfingerprint122,maccsfingerprint123,maccsfingerprint124,maccsfingerprint125,maccsfingerprint126,maccsfingerprint127,maccsfingerprint128,maccsfingerprint129,maccsfingerprint130,maccsfingerprint132,maccsfingerprint133,maccsfingerprint134,maccsfingerprint135,maccsfingerprint136,maccsfingerprint137,maccsfingerprint138,maccsfingerprint139,maccsfingerprint140,maccsfingerprint141,maccsfingerprint142,maccsfingerprint143,maccsfingerprint144,maccsfingerprint145,maccsfingerprint146,maccsfingerprint147,maccsfingerprint148,maccsfingerprint149,maccsfingerprint150,maccsfingerprint151,maccsfingerprint152,maccsfingerprint153,maccsfingerprint154,maccsfingerprint155,maccsfingerprint156,maccsfingerprint157,maccsfingerprint158,maccsfingerprint159,maccsfingerprint160,maccsfingerprint163,capacity_max,smiles
0,0,0,0,1,0,0,0,0,1,0,0,0,0,0,0,0,0,0,0,0,1,0,0,1,0,0,0,0,0,0,0,0,0,0,1,0,0,0,0,1,0,0,0,0,0,1,1,0,0,0,0,0,0,0,0,0,1,1,0,1,0,0,1,0,1,0,0,0,0,0,0,0,0,0,1,0,0,0,0,1,0,0,0,0,0,0,0,1,0,0,1,0,0,0,0,0,0,1,1,0,0,0,0,1,0,0,0,0,0,0,0,0,0,0,0,0,39.45,BrC1=CC2Sc3cc(Br)c(-c4ccc(-c5ccc(C(c6ccc(-c7ccc(-c8cc9c(cc8Br)Sc8cc(Br)c(Br)cc8S9)cc7)cc6)C(c6ccc(-c7ccc(-c8cc9c(cc8Br)SC8C=C(Br)C(Br)=CC8S9)cc7)cc6)c6ccc(-c7ccc(-c8cc9c(cc8Br)SC8C=C(Br)C(Br)=CC8S9)cc7)cc6)cc5)cc4)cc3SC2C=C1Br
0,0,0,0,1,0,0,0,0,1,0,0,0,0,0,0,0,0,0,0,0,1,0,0,1,0,0,0,0,0,0,0,0,0,0,1,0,0,0,0,1,0,0,0,0,0,1,1,0,0,0,0,0,0,0,0,0,1,1,0,1,0,0,1,0,1,0,0,0,0,0,0,0,0,0,1,0,0,0,0,1,0,0,0,0,0,0,0,1,0,0,1,0,0,0,0,0,0,1,1,0,0,0,0,0,0,0,0,0,0,0,0,0,0,0,0,0,51.0,BrC1=CC2Sc3cc(-c4ccc(-c5ccc(C(c6ccc(-c7ccc(-c8ccc9c(c8)Sc8cc(Br)ccc8S9)cc7)cc6)C(c6ccc(-c7ccc(-c8ccc9c(c8)SC8C=C(Br)C=CC8S9)cc7)cc6)c6ccc(-c7ccc(-c8ccc9c(c8)SC8C=C(Br)C=CC8S9)cc7)cc6)cc5)cc4)ccc3SC2C=C1
0,0,0,0,0,0,0,0,0,1,0,0,0,0,0,0,0,0,0,0,0,0,0,0,1,0,0,1,0,0,0,0,0,0,0,0,0,0,1,1,0,0,0,0,0,0,1,0,0,0,0,0,0,0,0,0,0,1,0,0,1,0,0,1,0,1,0,0,0,0,0,0,0,0,0,1,1,0,0,0,1,0,0,0,0,0,0,0,1,0,0,1,0,0,0,0,1,0,0,1,0,0,0,0,0,0,0,0,0,0,1,0,0,0,0,1,0,24.9,Brc1ccc2c(c1)c1cc(-c3ccc(-c4cc(-c5ccc(-c6ccc7c(c6)c6cc(Br)ccc6c6nc8cc9nc%10c%11ccc(Br)cc%11c%11cc(Br)ccc%11c%10nc9cc8nc76)cc5)cc(-c5ccc(-c6ccc7c(c6)c6cc(Br)ccc6c6nc8cc9nc%10c%11ccc(Br)cc%11c%11cc(Br)ccc%11c%10nc9cc8nc76)cc5)n4)cc3)ccc1c1cc3nc4cc5nc6c7ccc(Br)cc7c7cc(Br)ccc7c6nc5cc4nc3cc21
0,0,0,0,0,1,0,0,0,1,0,0,0,0,0,0,0,0,0,0,0,0,0,0,1,0,0,1,0,0,0,0,0,0,0,0,1,0,1,1,0,0,0,0,0,0,1,0,0,0,0,0,0,0,0,0,0,1,0,0,1,0,0,1,0,1,0,0,0,0,0,0,0,0,0,1,1,0,0,0,1,0,0,0,0,0,0,0,1,0,0,1,0,0,0,0,1,0,0,1,0,0,0,0,0,0,0,0,0,0,1,0,0,0,0,1,0,121.9,Brc1ccc2c(c1)c1cc(-c3ccc(-c4nc(-c5ccc(-c6ccc7c(c6)c6cc(Br)ccc6c6nc8cc9nc%10c%11ccc(Br)cc%11c%11cc(Br)ccc%11c%10nc9cc8nc76)cc5)nc(-c5ccc(-c6ccc7c(c6)c6cc(Br)ccc6c6nc8cc9nc%10c%11ccc(Br)cc%11c%11cc(Br)ccc%11c%10nc9cc8nc76)cc5)n4)cc3)ccc1c1cc3nc4cc5nc6c7ccc(Br)cc7c7cc(Br)ccc7c6nc5cc4nc3cc21
0,0,0,0,0,0,0,0,0,1,0,0,0,0,0,0,0,0,0,0,0,0,0,0,1,0,0,1,0,0,0,0,0,0,0,0,0,0,1,1,0,0,0,0,0,0,1,0,0,0,0,0,0,0,0,0,0,1,0,0,1,0,0,1,0,1,0,0,0,0,0,0,0,1,0,1,1,0,0,0,1,0,0,0,0,0,0,0,1,0,0,1,0,0,0,0,1,0,1,1,0,1,0,0,0,0,0,0,0,0,1,0,0,0,0,1,0,75.3,Brc1ccc2c(c1)c1cc(Br)ccc1c1nc3cc4nc5c6ccc(-c7cc(-c8ccc9c(c8)c8ccccc8c8nc%10cc%11nc%12c%13ccc(Br)cc%13c%13cc(Br)ccc%13c%12nc%11cc%10nc98)c8ccc9c(-c%10ccc%11c(c%10)c%10ccccc%10c%10nc%12cc%13nc%14c%15ccc(Br)cc%15c%15cc(Br)ccc%15c%14nc%13cc%12nc%11%10)cc(-c%10ccc%11c(c%10)c%10ccccc%10c%10nc%12cc%13nc%14c%15ccc(Br)cc%15c%15cc(Br)ccc%15c%14nc%13cc%12nc%11%10)c%10c9c8c7CC%10)cc6c6ccccc6c5nc4cc3nc21
0,0,1,0,1,0,0,0,0,1,1,0,0,0,0,1,0,0,0,0,0,0,0,0,0,0,0,1,0,0,0,0,0,0,0,0,1,0,0,1,1,0,1,0,0,0,1,1,0,0,0,0,0,0,0,1,0,1,0,0,0,0,0,0,1,1,0,0,0,0,0,0,0,0,0,1,1,0,0,0,1,0,0,0,0,0,1,1,1,1,0,1,0,0,0,0,1,0,0,0,0,0,0,0,0,1,0,0,0,0,1,0,1,0,0,1,0,407.0,Brc1ccc(Nc2nc(Nc3ccc(Br)s3)nc(Nc3ccc(Br)s3)n2)s1
1,0,0,1,0,0,0,0,0,0,0,0,0,0,0,0,0,0,0,1,0,0,0,0,1,0,0,0,0,0,0,0,0,0,1,0,0,0,0,0,0,0,0,0,1,1,0,0,0,0,0,0,0,0,0,0,1,1,0,1,1,0,0,1,0,0,1,1,0,0,1,0,1,0,0,1,1,1,0,0,1,0,0,1,0,0,0,1,0,1,0,1,1,0,1,0,1,0,1,1,1,0,1,0,0,0,1,1,0,0,1,1,1,1,0,1,1,31.37,C#Cc1ccc(N2COc3cc4c(cc3C2)OCN(C#Cc2ccc3c(c2)OCN(c2ccc(N(c5ccc(N6COc7cc(C#Cc8ccc(N9COc%10cc%11c(cc%10C9)OCN(c9ccc(C#C)cc9)C%11)cc8)ccc7C6)cc5)c5ccc(N6COc7cc(C#Cc8ccc(N9COc%10cc%11c(cc%10C9)OCN(c9ccc(C#C)cc9)C%11)cc8)ccc7C6)cc5)cc2)C3)C4)cc1
0,0,1,0,0,0,0,0,0,0,0,1,0,0,0,0,0,0,0,0,0,0,0,0,1,0,0,1,0,0,0,0,0,0,1,0,1,0,0,1,0,0,0,0,1,0,0,0,0,0,0,0,0,0,0,0,0,1,0,0,0,0,0,0,1,0,0,0,0,0,0,0,0,0,0,1,1,1,0,0,1,0,0,0,0,0,0,1,0,1,0,1,0,0,0,0,1,0,0,1,0,0,1,0,0,0,0,0,0,0,1,0,1,0,0,1,0,196.0,c1cc(-c2cc[n+](-c3nc(-[n+]4ccc(-c5ccncc5)cc4)nc(-[n+]4ccc(-c5ccncc5)cc4)n3)cc2)ccn1
0,0,0,0,0,1,1,0,0,0,0,0,0,0,0,0,0,0,0,0,0,0,0,0,1,0,0,1,0,0,0,0,0,1,1,0,1,0,1,1,0,0,1,0,1,0,0,0,0,0,0,0,0,0,0,1,0,1,0,0,1,0,0,1,0,0,0,0,0,0,0,0,0,0,0,1,1,1,0,0,1,0,0,0,0,0,0,1,0,1,0,1,0,0,0,1,1,0,1,1,0,0,1,1,1,0,0,0,0,0,1,0,1,0,1,1,0,255.0,CC(C)c1ccc(-n2c(-c3ccc(C#N)cc3)cc3c2cc(-c2ccc(-c4nc(-c5ccc(-c6cc7c(cc(-c8ccc(C#N)cc8)n7-c7ccc(C(C)C)cc7)n6-c6ccc(C(C)C)cc6)cc5)nc(-c5ccc(-c6cc7c(cc(-c8ccc(C#N)cc8)n7-c7ccc(C(C)C)cc7)n6-c6ccc(C(C)C)cc6)cc5)n4)cc2)n3-c2ccc(C(C)C)cc2)cc1
0,0,0,0,0,0,0,0,0,0,0,0,0,0,0,1,0,0,0,0,0,0,0,0,0,0,0,0,0,0,0,0,0,0,0,0,0,0,0,0,0,1,0,0,1,0,0,0,0,1,1,0,0,0,0,0,1,0,0,1,0,0,0,0,0,0,0,0,0,0,1,1,0,1,0,0,0,1,0,0,1,0,1,0,0,0,1,1,0,1,0,0,1,1,1,1,1,1,1,1,1,1,1,1,1,1,1,1,0,1,1,1,1,1,1,1,1,67.07,CCc1ccc(NCc2cc(O)c(CNc3ccc(CCc4ccc(CNc5ccc(N(c6ccc(NCc7ccc(CCc8ccc(NCc9cc(O)c(CNc%10ccc(CC)cc%10)cc9O)cc8)cc7O)cc6)c6ccc(NCc7ccc(CCc8ccc(NCc9cc(O)c(CNc%10ccc(CC)cc%10)cc9O)cc8)cc7O)cc6)cc5)c(O)c4)cc3)cc2O)cc1
0,0,0,0,0,0,0,0,0,0,0,0,1,0,0,0,0,0,0,0,0,0,0,0,0,0,0,0,0,0,0,0,0,0,0,1,0,0,0,0,0,0,0,0,0,0,0,0,0,0,0,0,1,0,0,0,0,0,1,0,1,0,0,1,0,0,0,0,0,0,1,0,0,0,0,0,0,0,0,0,1,1,1,0,0,0,0,0,0,0,0,0,0,0,1,1,0,1,0,1,1,0,0,1,0,0,1,0,0,0,0,1,0,1,1,0,1,72.75,COc1ccc(C(c2ccc(OC)cc2)=c2c3ccccc3c(=C(c3ccc(OC)cc3)c3ccc(OC)cc3)c3ccccc23)cc1
0,0,0,0,1,1,1,0,0,0,1,0,0,0,0,0,0,0,0,0,0,0,0,0,1,0,0,1,0,0,0,0,0,0,1,0,1,0,1,1,1,0,1,0,1,0,0,1,0,0,0,0,0,0,0,1,0,1,0,0,1,0,0,1,1,0,0,0,0,0,0,0,0,0,0,1,1,1,0,0,1,0,0,0,0,0,0,1,0,1,0,1,0,0,0,1,1,0,1,1,0,0,1,1,1,0,0,0,0,0,1,0,1,0,1,1,0,269.0,Cc1ccc2nc(-n3c(-c4ccc(C#N)cc4)cc4c3cc(-c3ccc(-c5nc(-c6ccc(-c7cc8c(cc(-c9ccc(C#N)cc9)n8-c8nc9ccc(C)cc9s8)n7-c7nc8ccc(C)cc8s7)cc6)nc(-c6ccc(-c7cc8c(cc(-c9ccc(C#N)cc9)n8-c8nc9ccc(C)cc9s8)n7-c7nc8ccc(C)cc8s7)cc6)n5)cc3)n4-c3nc4ccc(C)cc4s3)sc2c1
0,0,0,0,0,1,0,0,0,0,0,0,0,0,0,0,0,0,0,0,0,0,0,0,1,0,0,1,0,0,0,0,0,0,0,0,1,0,0,1,0,0,0,0,0,0,1,0,0,0,0,0,0,0,0,0,0,1,0,0,0,0,1,0,1,1,0,0,0,0,0,0,0,0,0,1,1,0,0,0,1,0,0,0,0,0,0,0,1,0,0,1,0,0,0,0,1,0,0,1,0,0,0,0,0,0,0,0,0,0,1,0,0,0,0,1,0,228.0,Clc1nc(Cl)nc(-c2ccc(-c3cc(-c4ccc(-c5nc(Cl)nc(Cl)n5)cc4)cc(-c4ccc(-c5nc(Cl)nc(Cl)n5)cc4)c3)cc2)n1
0,0,0,0,0,1,0,0,0,0,0,0,1,0,0,0,0,0,0,0,0,0,0,0,1,0,0,1,0,0,0,0,0,0,0,1,1,0,0,1,0,0,0,0,0,0,1,0,0,0,0,0,0,0,0,0,0,1,1,0,1,0,1,1,1,1,0,0,0,0,0,0,0,0,0,1,1,0,0,0,1,0,0,0,0,0,0,0,1,0,0,1,0,0,0,0,1,0,0,1,0,0,0,0,0,0,0,0,0,0,1,0,0,0,0,1,0,98.4,Clc1nc(Cl)nc(-c2ccc(C(c3ccc(-c4nc(Cl)nc(Cl)n4)cc3)=c3c4ccccc4c(=C(c4ccc(-c5nc(Cl)nc(Cl)n5)cc4)c4ccc(-c5nc(Cl)nc(Cl)n5)cc4)c4ccccc34)cc2)n1
0,0,0,0,0,1,1,0,0,0,0,0,0,0,0,0,0,0,0,0,0,0,0,0,0,0,0,1,0,0,0,0,0,0,0,0,1,0,0,1,0,0,0,0,0,0,0,0,0,0,0,0,0,0,0,0,0,1,1,0,0,0,0,0,0,0,0,0,0,0,0,0,0,0,0,1,1,0,0,0,0,0,0,0,0,0,0,0,0,0,0,1,0,0,0,0,1,0,0,0,0,0,0,0,0,0,0,0,0,0,1,0,0,0,0,1,0,404.0,N#C/C=C/c1nc(/C=C/C#N)nc(/C=C/C#N)n1
0,0,0,0,0,1,1,0,0,0,0,0,1,0,0,0,0,0,0,0,0,0,0,0,0,0,0,1,0,0,0,0,0,0,0,1,1,0,0,1,0,0,0,0,0,0,0,0,0,0,0,0,0,0,0,0,0,1,1,0,0,0,0,0,0,0,0,0,0,0,0,0,0,0,0,1,1,0,0,0,1,0,0,0,0,0,0,0,0,0,0,1,0,0,0,0,1,0,0,1,0,0,0,0,0,0,0,0,0,0,1,0,0,0,0,1,0,383.0,N#CC(C#N)=c1ccc(=C(C#N)c2nc(C(C#N)=c3ccc(=C(C#N)C#N)cc3)nc(C(C#N)=c3ccc(=C(C#N)C#N)cc3)n2)cc1
0,0,0,0,0,1,1,0,0,0,0,0,0,0,0,0,0,0,0,0,0,0,0,0,1,0,0,1,0,0,0,0,0,0,0,0,1,0,0,1,0,0,0,0,0,0,0,0,0,0,0,0,0,0,0,0,0,1,0,0,1,0,0,1,0,0,0,0,0,0,0,0,0,0,0,1,1,0,0,0,1,0,0,0,0,0,0,0,0,0,0,1,0,0,0,0,1,0,0,1,0,0,0,0,0,0,0,0,0,0,1,0,0,0,0,1,0,500.0,N#Cc1cc(C#N)c2ccc3c(-c4nc(-c5cc(C#N)c6ccc7c(C#N)cc(C#N)c8ccc5c6c78)nc(-c5cc(C#N)c6ccc7c(C#N)cc(C#N)c8ccc5c6c78)n4)cc(C#N)c4ccc1c2c43
0,0,0,0,0,1,1,0,0,0,0,0,0,0,0,0,0,0,0,0,0,0,0,0,1,0,0,1,0,0,0,0,0,0,0,0,1,0,0,1,0,0,0,0,0,0,0,0,0,0,0,0,0,0,0,0,0,1,1,0,0,0,0,0,0,0,0,0,0,0,0,0,0,0,0,1,1,0,0,0,1,0,0,0,0,0,0,0,0,0,0,1,0,0,0,0,1,0,0,1,0,0,0,0,0,0,0,0,0,0,1,0,0,0,0,1,0,628.0,N#Cc1ccc(/C=C/C(/C=C/c2ccc(C#N)cc2)/C=C/c2ccc(-c3nc(-c4ccc(/C=C/C(/C=C/c5ccc(C#N)cc5)/C=C/c5ccc(C#N)cc5)cc4)nc(-c4ccc(/C=C/C(/C=C/c5ccc(C#N)cc5)/C=C/c5ccc(C#N)cc5)cc4)n3)cc2)cc1
0,0,0,0,0,1,1,0,0,0,0,0,0,0,1,0,0,0,0,0,0,0,0,0,1,0,0,1,0,1,0,0,0,0,1,0,1,0,0,1,0,0,0,0,0,0,0,0,0,0,0,1,0,1,1,0,0,1,0,0,1,0,0,1,0,0,0,1,0,0,1,0,1,0,0,1,1,1,0,1,1,0,1,0,0,1,1,1,0,1,1,1,0,0,1,0,1,1,1,1,1,0,1,0,1,1,0,0,1,0,1,0,1,1,0,1,1,256.0,N#Cc1ccc(-n2[nH]c(=O)c3cc4c(=O)n(-c5ccc(-c6nc(-c7ccc(-n8[nH]c(=O)c9cc%10c(=O)n(-c%11ccc(C#N)cc%11)[nH]c(=O)c%10cc9c8=O)cc7)nc(-c7ccc(-n8[nH]c(=O)c9cc%10c(=O)n(-c%11ccc(C#N)cc%11)[nH]c(=O)c%10cc9c8=O)cc7)n6)cc5)[nH]c(=O)c4cc3c2=O)cc1
0,0,0,0,0,1,1,0,0,0,0,0,0,0,0,0,0,0,0,0,0,0,0,0,1,0,0,1,0,0,0,0,0,0,1,0,1,0,0,1,0,0,1,0,1,0,0,0,1,0,0,1,0,0,0,1,0,1,0,0,1,0,0,1,0,0,0,1,0,0,1,0,1,0,0,1,1,1,0,0,1,0,1,0,0,0,0,1,0,1,1,1,0,0,1,0,1,1,1,1,1,0,1,0,1,0,0,0,1,0,1,0,1,1,0,1,1,231.0,N#Cc1ccc(-n2c(=O)c3cc4c(=O)n(-c5ccc(-c6nc(-c7ccc(-n8c(=O)c9cc%10c(=O)n(-c%11ccc(C#N)cc%11)c(=O)c%10cc9c8=O)cc7)nc(-c7ccc(-n8c(=O)c9cc%10c(=O)n(-c%11ccc(C#N)cc%11)c(=O)c%10cc9c8=O)cc7)n6)cc5)c(=O)c4cc3c2=O)cc1
0,0,0,0,0,1,1,0,0,0,0,0,0,0,0,0,0,0,0,0,0,0,0,0,1,0,0,1,0,0,0,0,0,0,1,0,1,0,1,1,0,0,1,0,1,0,0,0,0,0,0,0,0,0,0,1,0,1,0,0,1,0,0,1,0,0,0,0,0,0,0,0,0,0,0,1,1,1,0,0,1,0,0,0,0,0,0,1,0,1,0,1,0,0,0,0,1,0,1,1,0,0,1,0,1,0,0,0,0,0,1,0,1,0,0,1,0,291.0,N#Cc1ccc(-c2cc3c(cc(-c4ccc(-c5nc(-c6ccc(-c7cc8c(cc(-c9ccc(C#N)cc9)n8-c8ccc(C#N)cc8)n7-c7ccc(C#N)cc7)cc6)nc(-c6ccc(-c7cc8c(cc(-c9ccc(C#N)cc9)n8-c8ccc(C#N)cc8)n7-c7ccc(C#N)cc7)cc6)n5)cc4)n3-c3ccc(C#N)cc3)n2-c2ccc(C#N)cc2)cc1
0,0,0,0,0,1,1,1,0,0,0,0,0,0,0,0,0,0,0,0,0,0,0,0,1,0,0,1,0,0,0,0,0,0,0,0,1,0,0,1,0,0,0,0,0,0,1,0,0,0,0,0,0,0,0,0,0,1,0,0,0,0,0,0,0,1,0,0,0,0,0,0,0,0,0,1,1,0,0,0,1,0,0,0,0,0,0,0,1,0,0,1,0,0,0,0,1,0,1,1,0,0,0,0,1,0,0,0,0,0,1,0,0,0,0,1,0,379.0,N#Cc1c(F)c(F)c(-c2nc(-c3c(F)c(F)c(C#N)c(F)c3F)nc(-c3c(F)c(F)c(C#N)c(F)c3F)n2)c(F)c1F
0,0,0,0,0,1,1,0,0,0,0,0,0,0,0,0,0,0,0,0,0,0,0,0,1,0,0,1,0,0,0,0,0,0,0,0,1,0,0,1,0,0,0,0,0,0,0,0,0,0,0,0,0,0,0,0,0,1,0,0,0,0,0,0,0,0,0,0,0,0,0,0,0,0,0,1,1,0,0,0,1,0,0,0,0,0,0,0,0,0,0,1,0,0,0,0,1,0,0,1,0,0,0,0,0,0,0,0,0,0,1,0,0,0,0,1,0,298.0,N#Cc1ccc(-c2nc(-c3ccc(C#N)cc3)nc(-c3ccc(C#N)cc3)n2)cc1
0,0,0,0,0,1,1,0,0,0,0,0,0,0,0,0,0,0,0,0,0,0,0,0,1,0,0,1,0,0,0,0,0,0,0,0,1,0,1,1,0,0,0,0,0,0,0,0,0,0,0,0,0,0,0,0,0,1,0,0,0,0,0,0,0,0,0,0,0,0,0,0,0,0,0,1,1,0,0,0,1,0,0,0,0,0,0,0,0,0,0,1,0,0,0,0,1,0,0,1,0,0,0,0,0,0,0,0,0,0,1,0,0,0,0,1,0,406.0,N#Cc1cccc(-c2nc(-c3cccc(C#N)n3)nc(-c3cccc(C#N)n3)n2)n1
0,0,0,0,0,1,1,0,0,0,0,0,0,0,0,0,0,0,0,0,0,0,0,0,1,0,0,1,0,0,0,0,0,0,0,0,1,0,0,1,0,0,0,0,0,0,0,0,0,0,0,0,0,0,0,0,0,1,0,0,0,0,0,0,0,0,0,0,0,0,0,0,0,0,0,1,1,0,0,0,1,0,0,0,0,0,0,0,0,0,0,1,0,0,0,0,1,0,0,1,0,0,0,0,0,0,0,0,0,0,1,0,0,0,0,1,0,280.0,N#Cc1ccc(-c2ccc(-c3nc(-c4ccc(-c5ccc(C#N)cc5)cc4)nc(-c4ccc(-c5ccc(C#N)cc5)cc4)n3)cc2)cc1
0,0,0,0,0,1,1,0,0,0,0,0,0,0,0,0,0,0,0,0,0,0,0,0,1,0,0,1,0,0,0,0,0,0,0,0,1,0,1,1,0,0,0,0,0,0,0,0,0,0,0,0,0,0,0,0,0,1,0,0,0,0,0,0,0,0,0,0,0,0,0,0,0,0,0,1,1,0,0,0,1,0,0,0,0,0,0,0,0,0,0,1,0,0,0,0,1,0,0,1,0,0,0,0,0,0,0,0,0,0,1,0,0,0,0,1,0,393.0,N#Cc1ccc(-c2ccc(-c3nc(-c4ccc(-c5ccc(C#N)cn5)nc4)nc(-c4ccc(-c5ccc(C#N)cn5)nc4)n3)cn2)nc1
0,0,0,0,0,1,1,0,0,0,0,0,0,0,0,0,0,0,0,0,0,0,0,0,1,0,0,1,0,0,0,0,0,0,0,0,1,0,0,1,0,0,0,0,0,0,0,0,0,0,0,0,0,0,0,0,0,1,0,0,1,0,0,1,0,0,0,0,0,0,0,0,0,0,0,1,1,0,0,0,1,0,0,0,0,0,0,0,0,0,0,1,0,0,0,0,1,0,0,1,0,0,0,0,0,0,0,0,0,0,1,0,0,0,0,1,0,589.0,N#Cc1c2ccccc2c(-c2nc(-c3c4ccccc4c(C#N)c4ccccc34)nc(-c3c4ccccc4c(C#N)c4ccccc34)n2)c2ccccc12
0,0,1,0,0,0,0,0,0,0,0,0,0,0,0,1,0,0,0,0,0,0,0,0,0,0,0,1,0,0,0,0,0,0,0,0,1,0,0,1,0,0,0,1,0,0,0,0,0,0,0,0,0,0,0,0,0,1,0,0,1,0,0,1,1,0,0,0,0,0,0,0,0,0,0,1,1,0,0,0,1,0,1,0,0,0,1,1,0,1,1,1,0,0,1,0,1,1,1,1,1,0,0,0,0,1,1,0,1,0,1,0,1,1,0,1,1,468.0,Nc1ccc2c(c1)C(=O)c1ccc(Nc3nc(Nc4ccc5c(c4)C(=O)c4ccc(N)cc4C5=O)nc(Nc4ccc5c(c4)C(=O)c4ccc(N)cc4C5=O)n3)cc1C2=O
0,0,0,0,0,1,0,0,0,0,0,0,0,0,0,1,0,0,0,0,0,0,0,0,1,0,0,1,0,0,0,0,0,0,0,0,1,1,0,1,0,0,0,1,0,0,0,0,1,0,0,0,0,0,0,0,1,1,0,0,0,0,0,0,0,0,0,0,0,0,1,0,0,0,1,1,1,0,0,0,1,0,1,0,0,0,1,1,0,1,0,1,0,1,0,0,1,1,1,1,1,0,0,0,1,1,1,0,0,0,1,1,1,1,0,1,1,400.0,Nc1ccc(-c2nc(-c3ccc(N)nc3)nc(-c3ccc(/N=C/c4c(O)c(/C=N/c5ccc(-c6nc(-c7ccc(N)nc7)nc(-c7ccc(N)nc7)n6)cn5)c(O)c(/C=N/c5ccc(-c6nc(-c7ccc(N)nc7)nc(-c7ccc(N)nc7)n6)cn5)c4O)nc3)n2)cn1
0,0,0,0,0,1,0,0,0,0,0,0,0,0,0,0,0,0,0,0,0,0,0,0,1,0,0,1,0,0,0,0,0,0,0,0,1,1,0,1,0,0,0,1,0,0,0,0,0,0,0,0,0,0,0,0,1,1,0,0,0,0,0,0,0,0,0,0,0,0,1,0,0,0,1,1,1,0,0,0,1,0,1,0,0,0,1,1,0,1,0,1,0,1,0,0,1,1,1,1,0,0,0,0,1,1,1,0,0,0,1,1,1,0,0,1,1,546.0,Nc1ccc(-c2nc(-c3ccc(N)nc3)nc(-c3ccc(/N=C/c4cc(/C=N/c5ccc(-c6nc(-c7ccc(N)nc7)nc(-c7ccc(N)nc7)n6)cn5)c(O)c(/C=N/c5ccc(-c6nc(-c7ccc(N)nc7)nc(-c7ccc(N)nc7)n6)cn5)c4)nc3)n2)cn1
0,0,0,0,0,1,0,0,0,0,0,0,0,0,0,1,0,0,0,0,0,0,0,0,1,0,0,1,0,0,0,0,0,0,0,0,1,1,0,1,0,0,0,1,0,0,0,0,1,0,0,0,0,0,0,0,1,1,0,0,0,0,0,0,0,0,0,0,0,0,1,0,0,0,1,1,1,0,0,0,1,0,1,0,0,0,1,1,0,1,0,1,0,1,0,0,1,1,1,1,0,0,0,0,1,1,1,0,0,0,1,1,1,1,0,1,1,310.0,Nc1ccc(-c2nc(-c3ccc(N)nc3)nc(-c3ccc(/N=C/c4cc(/C=N/c5ccc(-c6nc(-c7ccc(N)nc7)nc(-c7ccc(N)nc7)n6)cn5)c(O)c(/C=N/c5ccc(-c6nc(-c7ccc(N)nc7)nc(-c7ccc(N)nc7)n6)cn5)c4O)nc3)n2)cn1
0,0,0,0,0,0,0,0,1,0,0,0,0,0,0,0,1,0,0,0,0,0,0,0,0,0,0,0,0,0,0,0,0,0,0,1,0,1,1,1,0,0,0,1,0,0,0,0,0,0,0,0,0,0,1,0,1,1,1,0,1,0,0,1,0,0,0,0,0,0,0,0,0,0,1,1,1,0,0,0,0,0,1,0,0,0,1,1,0,1,1,1,0,0,1,0,1,1,1,1,1,0,0,0,1,1,1,0,1,0,1,0,1,1,0,1,1,585.0,NC1=C(N)C(=O)C2N=c3c(c4c(c5c3=NC3C(=O)C(N)=C(N)C(=O)C3N=5)=NC3C(=O)C(N)=C(N)C(=O)C3N=4)=NC2C1=O
0,0,0,0,0,0,0,0,0,0,0,0,0,0,0,0,1,0,0,0,0,0,0,0,0,0,0,1,0,0,0,0,0,0,0,0,0,0,1,1,0,0,0,1,0,0,0,0,0,0,0,0,0,0,0,0,0,1,0,0,1,0,0,1,0,0,0,0,0,0,0,0,0,0,0,1,1,0,0,0,1,0,0,0,0,0,1,1,0,1,0,1,0,0,0,0,1,0,1,1,0,0,0,0,1,1,0,0,0,0,1,0,1,0,0,1,0,663.0,Nc1cc2nc3cc4nc5c6nc7cc8nc9cc(N)c(N)cc9nc8cc7nc6c6nc7cc8nc9cc(N)c(N)cc9nc8cc7nc6c5nc4cc3nc2cc1N
0,0,0,0,0,1,0,0,0,0,0,0,0,0,0,0,1,0,0,0,0,0,0,0,1,0,0,1,0,0,0,0,0,0,1,0,1,0,1,0,0,0,1,1,1,0,0,0,1,0,0,1,0,0,0,1,0,0,0,0,1,0,0,1,0,0,0,1,0,0,1,0,1,0,0,1,1,1,0,0,1,0,1,0,0,0,1,1,0,1,1,1,0,0,1,0,1,1,1,1,1,0,1,0,1,1,0,0,1,0,1,0,1,1,0,1,1,88.4,Nc1ccc(-c2ccc3[nH]c(-c4cc(-c5nc6cc(-c7ccc(N)c(N)c7)ccc6[nH]5)cc(-n5c(=O)c6cc7c(=O)n(-c8cc(-c9nc%10ccc(-c%11ccc(N)c(N)c%11)cc%10[nH]9)cc(-c9nc%10ccc(-c%11ccc(N)c(N)c%11)cc%10[nH]9)c8)c(=O)c7cc6c5=O)c4)nc3c2)cc1N
0,0,0,0,0,1,0,0,0,0,0,0,0,0,0,0,1,0,0,0,0,0,0,0,1,0,0,1,0,0,0,0,0,0,1,0,1,0,1,0,0,0,1,1,1,0,0,0,1,0,0,1,0,0,0,1,0,1,0,0,1,0,0,1,0,0,0,1,0,0,0,0,1,0,0,1,1,1,0,0,1,0,1,0,0,0,1,1,0,1,1,1,0,0,1,0,1,1,1,1,1,0,1,0,1,1,0,0,1,0,1,0,1,1,0,1,1,66.56,Nc1ccc(-c2ccc3[nH]c(-c4cc(-c5nc6cc(-c7ccc(N)c(N)c7)ccc6[nH]5)cc(N5C(=O)c6ccc7c8c(ccc(c68)C5=O)C(=O)N(c5cc(-c6nc8cc(-c9ccc(N)c(N)c9)ccc8[nH]6)cc(-c6nc8cc(-c9ccc(N)c(N)c9)ccc8[nH]6)c5)C7=O)c4)nc3c2)cc1N
0,0,0,0,0,0,0,0,1,0,0,0,1,0,0,0,0,0,0,0,0,0,0,0,0,0,0,0,0,0,0,0,0,0,0,1,0,0,0,0,0,0,0,1,0,0,0,0,1,0,0,0,0,0,0,0,1,0,1,0,1,0,0,1,0,0,0,0,0,0,0,0,0,0,0,0,0,0,0,0,1,0,1,0,0,0,1,1,0,1,1,0,0,0,0,0,1,1,0,1,1,0,0,0,1,1,1,0,1,0,1,0,1,1,0,1,1,379.0,Nc1cccc2c(NC=C3C(=O)C(=CNc4cccc5c(N)cccc45)C(=O)C(=CNc4cccc5c(N)cccc45)C3=O)cccc12
0,0,0,0,0,1,0,0,0,0,0,0,0,0,0,0,1,0,0,0,0,0,0,0,1,0,0,1,0,0,0,0,0,0,1,0,1,0,1,0,0,0,1,1,1,0,0,0,1,0,0,1,0,0,0,1,0,1,0,0,1,0,0,1,0,0,0,1,0,0,0,0,1,0,0,1,1,1,0,0,1,0,1,0,0,0,1,1,0,1,1,1,0,0,1,0,1,1,1,1,1,0,1,0,1,1,0,0,1,0,1,0,1,1,0,1,1,5.65,Nc1ccc(-c2ccc3[nH]c(-c4cc(-c5nc6ccc(-c7ccc(N)c(N)c7)cc6[nH]5)cc(N5C(=O)c6ccc7c8ccc9c%10c(ccc(c%11ccc(c6c7%11)C5=O)c%108)C(=O)N(c5cc(-c6nc7cc(-c8ccc(N)c(N)c8)ccc7[nH]6)cc(-c6nc7ccc(-c8ccc(N)c(N)c8)cc7[nH]6)c5)C9=O)c4)nc3c2)cc1N
0,0,0,0,0,0,0,0,1,0,0,0,1,0,0,0,0,0,0,0,0,0,0,0,0,0,0,0,0,0,0,0,0,0,0,1,0,0,0,0,0,0,0,1,0,0,0,0,1,0,0,0,0,0,0,0,1,0,1,0,1,0,0,1,0,0,0,0,0,0,0,0,0,0,0,0,0,0,0,0,1,0,1,0,0,0,1,1,0,1,1,0,0,0,1,0,1,1,1,1,1,0,0,0,1,1,1,0,1,0,1,0,1,1,0,1,1,49.0,Nc1ccc2c(c1)C(=O)c1ccc(NC=C3C(=O)C(=CNc4ccc5c(c4)C(=O)c4ccc(N)cc4C5=O)C(=O)C(=CNc4ccc5c(c4)C(=O)c4ccc(N)cc4C5=O)C3=O)cc1C2=O
0,0,0,0,0,0,0,0,1,0,0,0,1,0,0,0,0,0,0,0,0,0,0,0,0,0,0,0,0,0,0,0,0,0,0,1,0,0,0,0,0,0,0,1,0,0,0,0,1,0,0,0,0,0,0,0,1,0,1,0,0,0,0,0,0,0,0,0,0,0,0,0,0,0,0,0,0,0,0,0,1,0,1,0,0,0,1,1,0,1,1,0,0,0,0,0,1,1,0,1,1,0,0,0,1,1,1,0,1,0,1,0,1,1,0,1,1,95.0,Nc1ccc(NC=C2C(=O)C(=CNc3ccc(N)cc3)C(=O)C(=CNc3ccc(N)cc3)C2=O)cc1
0,0,0,0,0,1,0,0,0,0,0,0,0,0,0,1,1,0,0,0,0,0,0,0,1,0,0,1,0,0,0,0,0,0,0,0,1,1,0,1,0,0,0,1,0,0,0,0,0,0,0,0,0,0,1,0,1,1,0,0,0,0,0,0,0,0,0,0,0,0,1,0,0,0,1,1,1,0,0,0,1,0,1,0,0,0,1,1,0,1,0,1,0,1,1,0,1,1,1,1,1,0,0,0,1,1,1,0,0,0,1,1,1,1,0,1,1,256.0,Nc1cc(O)c(/N=C/c2ccc(-c3nc(-c4ccc(/C=N/c5cc(O)c(N)cc5O)cc4)nc(-c4ccc(/C=N/c5cc(O)c(N)cc5O)cc4)n3)cc2)cc1O
0,0,0,0,0,0,0,0,0,0,0,0,0,0,0,0,1,0,0,0,0,0,0,0,0,0,0,1,0,0,0,0,0,0,0,0,0,0,1,1,0,0,0,1,0,0,0,0,0,0,0,0,0,0,0,0,0,1,0,0,1,0,0,1,0,0,0,0,0,0,0,0,0,0,0,1,1,0,0,0,1,0,0,0,0,0,1,1,0,1,0,1,0,0,0,0,1,0,1,1,0,0,0,0,1,1,0,0,0,0,1,0,1,0,0,1,0,224.0,Nc1cc2nc3c4nc5cc(N)c(N)cc5nc4c4nc5cc(N)c(N)cc5nc4c3nc2cc1N
0,0,0,0,1,0,0,0,0,0,1,0,0,0,0,1,1,0,0,0,0,1,0,0,1,0,1,1,0,0,0,0,0,0,0,0,0,0,0,0,1,0,1,1,0,0,0,1,1,0,0,0,0,0,0,1,1,0,0,0,1,0,0,1,0,0,0,0,0,0,1,0,0,0,0,1,1,0,0,0,1,0,1,0,0,0,1,1,0,1,0,1,0,1,0,0,1,1,1,1,1,0,0,0,1,1,1,0,0,0,1,1,1,1,0,1,1,724.0,Nc1cc2sc(-c3c(O)c(-c4nc5cc(S)c(N)cc5s4)c(O)c(-c4nc5cc(S)c(N)cc5s4)c3O)nc2cc1S
0,0,0,0,1,0,0,0,0,0,1,0,0,0,0,0,1,0,0,0,0,1,0,0,1,0,1,1,0,0,0,0,0,0,0,0,0,0,0,0,1,0,1,1,0,0,0,1,0,0,0,0,0,0,0,1,0,0,0,0,1,0,0,1,0,0,0,0,0,0,0,0,0,0,0,1,1,0,0,0,1,0,0,0,0,0,1,1,0,1,0,1,0,0,0,0,1,0,1,1,0,0,0,0,1,1,0,0,0,0,1,0,1,0,0,1,0,166.0,Nc1cc2sc(-c3cc(-c4nc5cc(S)c(N)cc5s4)cc(-c4nc5cc(S)c(N)cc5s4)c3)nc2cc1S
0,0,0,0,0,1,0,0,0,0,0,0,0,0,0,0,0,0,0,1,0,0,0,0,1,0,0,1,0,0,0,0,0,0,1,0,1,0,0,1,0,0,1,0,1,0,0,0,1,0,0,1,0,0,0,1,0,1,0,0,1,0,0,1,0,0,0,1,0,0,1,0,1,0,0,1,1,1,1,0,1,0,1,0,0,0,0,1,0,1,1,1,0,0,1,0,1,1,1,1,1,0,1,0,1,0,0,0,1,0,1,0,1,1,0,1,1,423.0,O=c1oc(=O)c2cc3c(=O)n(-c4ccc(-c5nc(-c6ccc(-n7c(=O)c8cc9c(=O)oc(=O)c9cc8c7=O)cc6)nc(-c6ccc(-n7c(=O)c8cc9c(=O)oc(=O)c9cc8c7=O)cc6)n5)cc4)c(=O)c3cc12
0,0,0,0,0,1,0,0,0,0,0,0,0,0,0,0,0,0,0,1,0,0,0,0,1,0,0,1,0,0,0,0,0,0,1,0,1,0,0,1,0,0,0,0,1,0,0,0,1,0,0,1,0,0,0,0,0,1,0,0,1,0,0,1,0,0,0,1,0,0,0,0,1,0,0,1,1,1,1,0,1,0,1,0,0,0,0,1,0,1,1,1,0,0,1,0,1,1,0,1,1,0,1,0,1,0,0,0,1,0,1,1,1,1,0,1,1,388.0,O=C1OC(=O)c2ccc3c4c(ccc1c24)C(=O)N(c1ccc(-c2nc(-c4ccc(N5C(=O)c6ccc7c8c(ccc(c68)C5=O)C(=O)OC7=O)cc4)nc(-c4ccc(N5C(=O)c6ccc7c8c(ccc(c68)C5=O)C(=O)OC7=O)cc4)n2)cc1)C3=O
0,0,0,0,0,0,0,0,0,0,0,0,0,0,0,1,0,0,0,0,0,0,0,0,1,0,0,1,0,0,0,0,0,0,1,0,0,0,1,0,0,0,1,0,1,0,0,0,1,0,0,1,0,0,1,1,0,0,0,0,1,0,0,1,0,0,0,1,0,0,1,0,1,0,0,1,1,1,0,0,1,0,1,0,0,0,1,1,0,1,1,1,0,1,1,0,1,1,1,1,1,0,1,0,1,0,1,0,1,0,1,1,1,1,0,1,1,367.0,O=C1c2cc(-n3c4ccccc4c4ccccc43)c(-n3c4ccccc4c4ccccc43)cc2C(=O)C1c1cc(N2C(=O)c3cc(-n4c5ccccc5c5ccccc54)c(-n4c5ccccc5c5ccccc54)cc3C2=O)c(O)cc1O
0,0,1,0,0,0,0,0,0,0,0,0,0,0,0,0,0,0,0,0,0,0,0,0,0,0,0,1,0,0,0,0,0,0,1,0,1,1,1,1,0,0,0,0,1,1,0,0,0,0,0,0,0,0,0,0,0,1,0,1,0,0,0,0,1,0,0,1,1,0,0,0,1,1,1,1,1,1,0,0,0,0,0,1,1,0,0,1,0,1,1,1,1,0,0,0,1,0,0,1,1,1,1,0,0,0,0,1,1,0,1,0,1,1,0,1,1,335.0,O=CN1CCN(C=Nc2nc(/N=C/N3CCN(C=O)CC3)nc(/N=C/N3CCN(C=O)CC3)n2)CC1
0,0,0,0,0,0,0,0,0,0,0,0,0,0,0,0,0,0,0,0,0,0,0,0,0,0,0,0,0,0,0,0,0,0,0,0,0,1,0,0,0,0,0,0,1,0,0,0,0,0,0,0,0,0,0,0,0,0,0,0,0,0,0,0,0,0,0,0,0,0,0,0,0,0,1,0,0,1,0,0,1,0,0,0,0,0,0,1,0,1,1,0,0,0,1,0,1,0,0,1,1,0,1,0,0,0,0,0,1,0,1,0,1,1,0,1,1,51.3,O=Cc1ccc(N(c2ccc(C=O)cc2)c2ccc(/C=N/c3ccc(N(c4ccc(/N=C/c5ccc(N(c6ccc(C=O)cc6)c6ccc(C=O)cc6)cc5)cc4)c4ccc(/N=C/c5ccc(N(c6ccc(C=O)cc6)c6ccc(C=O)cc6)cc5)cc4)cc3)cc2)cc1
0,0,0,0,0,1,0,0,0,0,0,0,0,0,0,0,0,0,0,0,0,0,0,0,1,0,0,1,0,0,0,0,0,0,0,0,1,1,0,1,0,0,0,0,1,0,0,0,0,0,0,0,0,0,0,0,0,1,0,0,0,0,0,0,0,0,0,0,0,0,0,0,0,0,1,1,1,1,0,0,1,0,0,0,0,0,0,1,0,1,1,1,0,0,1,0,1,0,0,1,1,0,1,0,0,0,0,0,1,0,1,0,1,1,0,1,1,2.4,O=Cc1ccc(N(c2ccc(C=O)cc2)c2ccc(/C=N/c3ccc(-c4nc(-c5ccc(/N=C/c6ccc(N(c7ccc(C=O)cc7)c7ccc(C=O)cc7)cc6)cc5)nc(-c5ccc(/N=C/c6ccc(N(c7ccc(C=O)cc7)c7ccc(C=O)cc7)cc6)cc5)n4)cc3)cc2)cc1
0,0,0,0,0,0,0,0,0,0,0,0,0,0,0,0,0,0,0,0,0,0,0,0,1,0,0,1,0,0,0,0,0,0,1,0,0,1,0,0,0,0,1,0,1,0,0,0,0,0,0,0,0,0,0,1,0,0,0,0,1,0,0,1,0,0,0,0,0,0,0,0,0,0,1,0,1,1,0,0,1,0,0,0,0,0,0,1,0,1,1,1,0,0,1,0,1,0,0,1,1,0,1,0,0,0,0,0,1,0,1,0,1,1,0,1,1,13.6,O=Cc1ccc(N(c2ccc(C=O)cc2)c2ccc(/C=N/c3ccc(-n4c5ccc(/N=C/c6ccc(N(c7ccc(C=O)cc7)c7ccc(C=O)cc7)cc6)cc5c5cc(/N=C/c6ccc(N(c7ccc(C=O)cc7)c7ccc(C=O)cc7)cc6)ccc54)cc3)cc2)cc1
0,0,0,0,0,0,0,0,0,0,0,0,0,0,0,0,0,0,0,0,0,0,0,0,1,0,0,1,0,0,0,0,0,0,0,0,0,1,0,0,0,0,0,0,1,0,0,0,0,0,0,0,0,0,0,0,0,1,0,0,0,0,0,0,0,0,0,0,0,0,0,0,0,0,1,1,1,1,0,0,1,0,0,0,0,0,0,1,0,1,1,1,0,0,1,0,1,0,0,1,1,0,1,0,0,0,0,0,1,0,1,0,1,1,0,1,1,14.4,O=Cc1ccc(-c2cc(-c3ccc(C=O)cc3)nc(-c3ccc(/C=N/c4ccc(N(c5ccc(/N=C/c6ccc(-c7cc(-c8ccc(C=O)cc8)cc(-c8ccc(C=O)cc8)n7)cc6)cc5)c5ccc(/N=C/c6ccc(-c7cc(-c8ccc(C=O)cc8)cc(-c8ccc(C=O)cc8)n7)cc6)cc5)cc4)cc3)c2)cc1
0,0,0,0,0,1,0,0,0,0,0,0,0,0,0,0,0,0,0,0,0,0,0,0,1,0,0,1,0,0,0,0,0,0,0,0,1,1,0,1,0,0,0,0,1,0,0,0,0,0,0,0,0,0,0,0,0,1,0,0,0,0,0,0,0,0,0,0,0,0,0,0,0,0,1,1,1,1,0,0,1,0,0,0,0,0,0,1,0,1,1,1,0,0,1,0,1,0,0,1,1,0,1,0,0,0,0,0,1,0,1,0,1,1,0,1,1,5.1,O=Cc1ccc(-c2nc(-c3ccc(C=O)cc3)nc(-c3ccc(/C=N/c4ccc(N(c5ccc(/N=C/c6ccc(-c7nc(-c8ccc(C=O)cc8)nc(-c8ccc(C=O)cc8)n7)cc6)cc5)c5ccc(/N=C/c6ccc(-c7nc(-c8ccc(C=O)cc8)nc(-c8ccc(C=O)cc8)n7)cc6)cc5)cc4)cc3)n2)cc1
0,0,0,0,0,1,0,0,0,0,0,0,0,0,0,0,0,0,0,0,0,0,0,0,1,0,0,1,0,0,0,0,0,0,0,0,1,1,0,1,0,0,0,0,0,0,0,0,0,0,0,0,0,0,0,0,0,1,0,0,0,0,0,0,0,0,0,0,0,0,0,0,0,0,1,1,1,0,0,0,1,0,0,0,0,0,0,1,0,1,1,1,0,0,1,0,1,0,0,1,1,0,0,0,0,0,0,0,1,0,1,0,1,1,0,1,1,0.0,O=Cc1ccc(-c2cc(-c3ccc(C=O)cc3)nc(-c3ccc(/C=N/c4ccc(-c5nc(-c6ccc(/N=C/c7ccc(-c8cc(-c9ccc(C=O)cc9)cc(-c9ccc(C=O)cc9)n8)cc7)cc6)nc(-c6ccc(/N=C/c7ccc(-c8cc(-c9ccc(C=O)cc9)cc(-c9ccc(C=O)cc9)n8)cc7)cc6)n5)cc4)cc3)c2)cc1
0,0,0,0,0,0,0,0,0,0,0,0,0,0,0,0,0,0,0,0,0,0,0,0,1,0,0,1,0,0,0,0,0,0,1,0,0,1,0,0,0,0,1,0,1,0,0,0,0,0,0,0,0,0,0,1,0,1,0,0,1,0,0,1,0,0,0,0,0,0,0,0,0,0,1,1,1,1,0,0,1,0,0,0,0,0,0,1,0,1,1,1,0,0,1,0,1,0,0,1,1,0,1,0,0,0,0,0,1,0,1,0,1,1,0,1,1,14.5,O=Cc1ccc(-c2cc(-c3ccc(C=O)cc3)nc(-c3ccc(/C=N/c4ccc(-n5c6ccc(/N=C/c7ccc(-c8cc(-c9ccc(C=O)cc9)cc(-c9ccc(C=O)cc9)n8)cc7)cc6c6cc(/N=C/c7ccc(-c8cc(-c9ccc(C=O)cc9)cc(-c9ccc(C=O)cc9)n8)cc7)ccc65)cc4)cc3)c2)cc1
0,0,0,0,0,1,0,0,0,0,0,0,0,0,0,0,0,0,0,0,0,0,0,0,1,0,0,1,0,0,0,0,0,0,0,0,1,1,0,1,0,0,0,0,0,0,0,0,0,0,0,0,0,0,0,0,0,1,0,0,0,0,0,0,0,0,0,0,0,0,0,0,0,0,1,1,1,0,0,0,1,0,0,0,0,0,0,1,0,1,1,1,0,0,1,0,1,0,0,1,1,0,0,0,0,0,0,0,1,0,1,0,1,1,0,1,1,0.0,O=Cc1ccc(-c2nc(-c3ccc(C=O)cc3)nc(-c3ccc(/C=N/c4ccc(-c5nc(-c6ccc(/N=C/c7ccc(-c8nc(-c9ccc(C=O)cc9)nc(-c9ccc(C=O)cc9)n8)cc7)cc6)nc(-c6ccc(/N=C/c7ccc(-c8nc(-c9ccc(C=O)cc9)nc(-c9ccc(C=O)cc9)n8)cc7)cc6)n5)cc4)cc3)n2)cc1
0,0,0,0,0,1,0,0,0,0,0,0,0,0,0,0,0,0,0,0,0,0,0,0,1,0,0,1,0,0,0,0,0,0,1,0,1,1,0,1,0,0,1,0,1,0,0,0,0,0,0,0,0,0,0,1,0,1,0,0,1,0,0,1,0,0,0,0,0,0,0,0,0,0,1,1,1,1,0,0,1,0,0,0,0,0,0,1,0,1,1,1,0,0,1,0,1,0,0,1,1,0,1,0,0,0,0,0,1,0,1,0,1,1,0,1,1,17.4,O=Cc1ccc(-c2nc(-c3ccc(C=O)cc3)nc(-c3ccc(/C=N/c4ccc(-n5c6ccc(/N=C/c7ccc(-c8nc(-c9ccc(C=O)cc9)nc(-c9ccc(C=O)cc9)n8)cc7)cc6c6cc(/N=C/c7ccc(-c8nc(-c9ccc(C=O)cc9)nc(-c9ccc(C=O)cc9)n8)cc7)ccc65)cc4)cc3)n2)cc1
0,0,0,0,0,0,0,0,0,0,0,0,0,0,0,0,0,0,0,0,0,0,0,0,0,0,0,0,0,0,0,0,0,0,0,0,0,1,0,0,0,0,0,0,0,0,0,0,0,0,0,0,0,0,0,0,0,0,0,0,0,0,0,0,0,0,0,0,0,0,1,0,0,0,1,0,0,0,0,0,1,1,1,0,0,0,0,1,0,1,1,0,0,0,0,0,1,1,0,1,1,0,0,0,0,0,1,0,1,0,1,1,1,1,0,1,1,575.0,O=Cc1ccc(/C=N/c2ccc(Oc3ccc(/N=C/c4ccc(C=O)cc4)cc3)cc2)cc1
0,0,1,0,0,0,0,0,0,0,0,0,0,0,0,0,0,0,0,0,0,0,0,0,0,0,0,1,0,0,0,0,0,0,0,0,1,1,0,1,0,0,0,0,0,0,0,0,0,0,0,0,0,0,0,0,0,1,0,0,0,0,0,0,1,0,0,0,0,0,0,0,0,0,1,1,1,0,0,0,1,0,0,0,0,0,0,1,0,1,1,1,0,0,0,0,1,0,0,1,1,0,0,0,0,0,0,0,1,0,1,0,1,1,0,1,1,1236.0,O=Cc1ccc(/C=N/c2nc(/N=C/c3ccc(C=O)cc3)nc(/N=C/c3ccc(C=O)cc3)n2)cc1
0,0,0,0,0,0,0,0,1,0,0,0,1,0,0,1,0,0,0,0,0,0,0,0,0,0,0,0,0,0,0,0,0,0,0,1,0,0,0,0,0,0,0,0,1,0,0,0,1,0,0,0,0,0,0,0,1,0,1,0,0,0,0,0,0,0,0,0,0,0,0,0,0,0,0,0,0,1,0,0,1,0,1,0,0,0,1,1,0,1,1,0,0,1,1,0,1,1,0,1,1,0,1,0,1,1,1,0,1,0,1,1,1,1,0,1,1,291.1,O=CC1=C(O)C(C=O)=C(O)C(=CNc2ccc(N(c3ccc(NC=C4C(=O)C(C=O)=C(O)C(C=O)=C4O)cc3)c3ccc(NC=C4C(=O)C(C=O)=C(O)C(C=O)=C4O)cc3)cc2)C1=O
0,0,0,0,0,0,0,0,1,0,0,0,1,0,0,1,0,0,0,0,0,0,0,0,1,0,0,1,0,0,0,0,0,0,0,1,0,0,0,0,0,0,0,0,0,0,0,0,1,0,0,0,0,0,0,0,1,1,1,0,0,0,0,0,0,0,0,0,0,0,0,0,0,0,0,0,1,0,0,0,1,0,1,0,0,0,1,1,0,1,1,1,0,1,1,0,1,1,0,1,1,0,0,0,1,1,1,0,1,0,1,1,1,1,0,1,1,209.0,O=CC1=C(O)C(C=O)=C(O)C(=CNc2ccc(-c3cc(-c4ccc(NC=C5C(=O)C(C=O)=C(O)C(C=O)=C5O)cc4)nc(-c4ccc(NC=C5C(=O)C(C=O)=C(O)C(C=O)=C5O)cc4)c3)cc2)C1=O
0,0,0,0,0,0,0,0,1,0,0,0,1,0,0,1,0,0,0,0,0,0,0,0,1,0,0,1,0,0,0,0,0,0,1,1,0,0,0,0,0,0,1,0,1,0,0,0,1,0,0,0,0,0,0,1,1,0,1,0,1,0,0,1,0,0,0,0,0,0,0,0,0,0,0,0,1,1,0,0,1,0,1,0,0,0,1,1,0,1,1,1,0,1,1,0,1,1,0,1,1,0,1,0,1,1,1,0,1,0,1,1,1,1,0,1,1,150.0,O=CC1=C(O)C(C=O)=C(O)C(=CNc2ccc(-n3c4ccc(NC=C5C(=O)C(C=O)=C(O)C(C=O)=C5O)cc4c4cc(NC=C5C(=O)C(C=O)=C(O)C(C=O)=C5O)ccc43)cc2)C1=O
0,1,0,0,0,0,0,0,0,0,0,1,0,0,0,0,0,0,1,0,0,0,0,0,1,1,0,1,0,0,1,1,0,0,1,0,0,0,1,1,0,0,0,0,1,0,0,0,0,0,0,0,0,1,0,0,1,1,0,0,0,1,0,0,0,0,0,0,0,0,0,0,0,0,1,1,1,1,0,1,1,0,0,0,0,1,0,1,0,1,1,1,0,0,1,0,1,0,1,1,1,0,1,0,1,0,0,0,0,0,1,0,1,1,0,1,1,404.0,O=[N+]([O-])c1ccc(-[n+]2ccc(-c3cc[n+](-c4ccc(-c5cc(-c6ccc(-[n+]7ccc(-c8cc[n+](-c9ccc([N+](=O)[O-])cc9[N+](=O)[O-])cc8)cc7)cc6)cc(-c6ccc(-[n+]7ccc(-c8cc[n+](-c9ccc([N+](=O)[O-])cc9[N+](=O)[O-])cc8)cc7)cc6)c5)cc4)cc3)cc2)c([N+](=O)[O-])c1
0,0,0,0,1,0,0,0,0,1,0,0,0,1,0,0,0,1,0,0,1,1,1,1,1,0,0,0,1,0,0,0,1,0,0,1,0,0,0,0,1,0,0,0,0,0,1,1,0,0,0,0,0,0,0,0,0,1,1,0,1,1,0,1,0,1,0,0,0,1,0,0,0,0,0,1,0,0,0,1,1,0,1,0,0,1,0,0,1,0,1,1,0,0,1,0,0,1,1,1,1,0,1,0,0,0,0,0,0,0,0,0,0,1,0,0,1,52.0,O=S1(=O)c2ccc(Br)cc2S(=O)(=O)c2cc(-c3ccc(-c4ccc(C(c5ccc(-c6ccc(-c7ccc8c(c7)S(=O)(=O)C7C=CC(Br)=CC7S8(=O)=O)cc6)cc5)C(c5ccc(-c6ccc(-c7ccc8c(c7)S(=O)(=O)C7C=CC(Br)=CC7S8(=O)=O)cc6)cc5)c5ccc(-c6ccc(-c7ccc8c(c7)S(=O)(=O)C7C=C(Br)C=CC7S8(=O)=O)cc6)cc5)cc4)cc3)ccc21
0,0,0,0,0,1,0,0,0,0,0,0,0,0,0,0,0,0,0,0,0,0,0,0,1,0,0,1,0,0,0,0,0,0,0,0,1,1,0,1,0,0,0,0,0,0,0,0,1,0,0,0,0,0,0,0,1,1,0,0,0,0,0,0,0,0,0,0,0,0,1,0,0,0,1,1,1,0,0,0,1,0,1,0,0,0,1,1,0,1,1,1,0,1,1,0,1,1,1,1,1,0,0,0,1,0,1,0,1,0,1,1,1,1,0,1,1,546.0,O=Cc1cc(C=O)c(O)c(/C=N\c2ccc(-c3nc(-c4ccc(/N=C\c5cc(C=O)cc(C=O)c5O)nc4)nc(-c4ccc(/N=C/c5cc(C=O)cc(C=O)c5O)nc4)n3)cn2)c1
0,0,0,0,0,1,0,0,0,0,0,0,0,0,0,1,0,0,0,0,0,0,0,0,1,0,0,1,0,0,0,0,0,0,0,0,1,1,0,1,0,0,0,0,0,0,0,0,1,0,0,0,0,0,0,0,1,1,0,0,0,0,0,0,0,0,0,0,0,0,1,0,0,0,1,1,1,0,0,0,1,0,1,0,0,0,1,1,0,1,1,1,0,1,1,0,1,1,1,1,1,0,0,0,1,0,1,0,1,0,1,1,1,1,0,1,1,310.0,O=Cc1cc(/C=N/c2ccc(-c3nc(-c4ccc(/N=C/c5cc(C=O)c(O)c(C=O)c5O)nc4)nc(-c4ccc(/N=C/c5cc(C=O)c(O)c(C=O)c5O)nc4)n3)cn2)c(O)c(C=O)c1O
0,0,0,0,0,1,0,0,0,0,0,0,0,0,0,1,0,0,0,0,0,0,0,0,1,0,0,1,0,0,0,0,0,0,0,0,1,1,0,1,0,0,0,0,0,0,0,0,1,0,0,0,0,0,0,0,1,1,0,0,0,0,0,0,0,0,0,0,0,0,1,0,0,0,1,1,1,0,0,0,1,0,1,0,0,0,1,1,0,1,1,1,0,1,1,0,1,1,1,1,1,0,0,0,1,0,1,0,1,0,1,1,1,1,0,1,1,400.0,O=Cc1c(O)c(C=O)c(O)c(/C=N/c2ccc(-c3nc(-c4ccc(/N=C/c5c(O)c(C=O)c(O)c(C=O)c5O)nc4)nc(-c4ccc(/N=C/c5c(O)c(C=O)c(O)c(C=O)c5O)nc4)n3)cn2)c1O
0,0,0,0,0,1,0,0,0,0,0,0,0,0,0,0,0,0,0,0,0,0,0,0,1,0,0,1,0,0,0,0,0,0,0,0,1,0,0,1,0,0,0,0,0,0,0,0,0,0,0,0,0,0,0,0,0,1,0,0,0,0,0,0,0,0,0,0,0,0,0,0,0,0,0,1,1,0,0,0,1,0,0,0,0,0,0,0,0,0,0,1,0,0,0,0,1,0,0,1,0,0,0,0,0,0,0,0,0,0,1,0,0,0,0,1,0,231.0,c1ncnc(-c2ccc(-c3cc(-c4ccc(-c5ncncn5)cc4)nc(-c4ccc(-c5ncncn5)cc4)c3)cc2)n1
0,0,0,0,0,1,0,0,0,0,0,0,0,0,0,0,0,0,0,0,0,0,0,0,1,0,0,1,0,0,0,0,0,0,0,0,1,0,0,1,0,0,0,0,0,0,0,0,0,0,0,0,0,0,0,0,0,1,0,0,1,0,0,1,0,0,0,0,0,0,0,0,0,0,0,1,1,0,0,0,1,0,0,0,0,0,0,0,0,0,0,1,0,0,0,0,1,0,1,1,0,0,0,0,1,0,0,0,0,0,1,0,0,0,0,1,0,81.2,c1ncnc(-c2cc3c(-c4ncncn4)c4cc(-c5ncncn5)c(-c5ncncn5)cc4c(-c4ncncn4)c3cc2-c2ncncn2)n1
