ecfp_feature_25,ecfp_feature_33,ecfp_feature_39,ecfp_feature_45,ecfp_feature_98,ecfp_feature_112,ecfp_feature_116,ecfp_feature_128,ecfp_feature_136,ecfp_feature_144,ecfp_feature_147,ecfp_feature_191,ecfp_feature_202,ecfp_feature_233,ecfp_feature_278,ecfp_feature_294,ecfp_feature_314,ecfp_feature_333,ecfp_feature_344,ecfp_feature_352,ecfp_feature_356,ecfp_feature_360,ecfp_feature_361,ecfp_feature_375,ecfp_feature_378,ecfp_feature_433,ecfp_feature_452,ecfp_feature_578,ecfp_feature_650,ecfp_feature_674,ecfp_feature_694,ecfp_feature_725,ecfp_feature_726,ecfp_feature_780,ecfp_feature_790,ecfp_feature_801,ecfp_feature_807,ecfp_feature_830,ecfp_feature_831,ecfp_feature_849,ecfp_feature_875,ecfp_feature_888,ecfp_feature_896,ecfp_feature_930,ecfp_feature_932,ecfp_feature_935,ecfp_feature_940,ecfp_feature_960,ecfp_feature_963,ecfp_feature_969,ecfp_feature_1004,ecfp_feature_1009,radius,diameter,num_heteroatoms,num_rotatable_bonds,num_h_acceptors,num_h_donors,tpsa,mol_wt,o%,n%,c%,capacity_max,smiles
0.0,0.0,0.0,0.0,0.0,2.0,0.0,0.0,0.0,0.0,0.0,0.0,0.0,0.0,0.0,0.0,0.0,0.0,0.0,0.0,2.0,2.0,0.0,0.0,0.0,0.0,0.0,0.0,0.0,2.0,0.0,0.0,4.0,0.0,2.0,0.0,0.0,0.0,0.0,4.0,0.0,0.0,0.0,4.0,0.0,0.0,0.0,0.0,0.0,0.0,0.0,0.0,4.0,7.0,2.0,0.0,2.0,0.0,47.58,128.037448128,0.0,0.2,0.8,628.0,N#CC1=CC=C(C#N)C=C1
0.0,4.0,0.0,2.0,0.0,2.0,0.0,0.0,2.0,0.0,0.0,0.0,0.0,4.0,0.0,0.0,0.0,0.0,0.0,0.0,12.0,2.0,0.0,0.0,0.0,0.0,0.0,0.0,0.0,2.0,0.0,0.0,16.0,2.0,2.0,2.0,0.0,0.0,0.0,18.0,2.0,0.0,4.0,4.0,0.0,2.0,0.0,0.0,0.0,2.0,0.0,0.0,8.0,16.0,4.0,6.0,4.0,0.0,57.44,544.2626970240001,0.0,0.09523809523809523,0.9047619047619048,255.0,CC(C1=CC=C(N2C3=C(C=C2C4=CC=C(C=C4)C#N)N(C5=CC=C(C=C5)C(C)C)C(C6=CC=C(C=C6)C#N)=C3)C=C1)C
0.0,2.0,0.0,2.0,0.0,2.0,0.0,0.0,2.0,0.0,0.0,0.0,0.0,0.0,0.0,0.0,0.0,0.0,0.0,0.0,16.0,2.0,0.0,0.0,2.0,0.0,0.0,0.0,0.0,2.0,0.0,0.0,12.0,0.0,2.0,0.0,0.0,0.0,2.0,16.0,4.0,0.0,4.0,6.0,0.0,2.0,0.0,0.0,0.0,2.0,0.0,0.0,8.0,16.0,8.0,4.0,6.0,0.0,83.22,602.134736704,0.0,0.13636363636363635,0.8181818181818182,269.0,CC1=CC2=C(N=C(S2)N3C(C4=CC=C(C=C4)C#N)=CC5=C3C=C(N5C6=NC7=C(S6)C=C(C)C=C7)C8=CC=C(C=C8)C#N)C=C1
0.0,0.0,0.0,0.0,0.0,0.0,0.0,0.0,9.0,0.0,0.0,0.0,0.0,0.0,3.0,0.0,0.0,0.0,0.0,0.0,18.0,0.0,3.0,0.0,9.0,0.0,0.0,0.0,0.0,0.0,0.0,0.0,12.0,0.0,0.0,0.0,0.0,0.0,9.0,15.0,3.0,0.0,12.0,6.0,0.0,0.0,3.0,0.0,0.0,0.0,0.0,0.0,10.0,18.0,15.0,6.0,9.0,0.0,116.01,746.95815756,0.0,0.1875,0.6875,228.0,ClC1=NC(C2=CC=C(C3=CC(C4=CC=C(C5=NC(Cl)=NC(Cl)=N5)C=C4)=CC(C6=CC=C(C7=NC(Cl)=NC(Cl)=N7)C=C6)=C3)C=C2)=NC(Cl)=N1
0.0,0.0,0.0,0.0,0.0,0.0,0.0,2.0,0.0,0.0,0.0,2.0,0.0,0.0,0.0,0.0,2.0,0.0,0.0,4.0,14.0,0.0,0.0,0.0,6.0,0.0,2.0,0.0,2.0,0.0,0.0,0.0,4.0,0.0,0.0,0.0,0.0,0.0,6.0,6.0,2.0,0.0,0.0,4.0,0.0,0.0,0.0,0.0,0.0,0.0,0.0,0.0,9.0,17.0,14.0,4.0,10.0,2.0,135.54000000000002,531.952432216,0.058823529411764705,0.23529411764705882,0.5882352941176471,468.0,ClC1=NC(Cl)=NC(NC2=CC3=C(C=C2)C(C4=C(C3=O)C=CC(NC5=NC(Cl)=NC(Cl)=N5)=C4)=O)=N1
0.0,0.0,0.0,0.0,0.0,2.0,0.0,0.0,0.0,0.0,0.0,0.0,0.0,0.0,0.0,0.0,0.0,0.0,0.0,0.0,6.0,2.0,0.0,0.0,0.0,0.0,0.0,0.0,0.0,2.0,0.0,0.0,0.0,0.0,2.0,0.0,0.0,0.0,0.0,0.0,0.0,0.0,0.0,0.0,0.0,0.0,0.0,0.0,0.0,0.0,0.0,0.0,4.0,7.0,6.0,0.0,2.0,0.0,47.58,199.99976088,0.0,0.14285714285714285,0.5714285714285714,379.0,FC1=C(C(C#N)=C(C(F)=C1C#N)F)F
0.0,0.0,0.0,0.0,0.0,0.0,0.0,0.0,0.0,0.0,0.0,0.0,0.0,0.0,0.0,0.0,0.0,0.0,0.0,0.0,2.0,4.0,0.0,0.0,0.0,0.0,0.0,0.0,0.0,4.0,0.0,0.0,4.0,0.0,4.0,0.0,2.0,0.0,0.0,4.0,0.0,0.0,0.0,0.0,0.0,0.0,0.0,0.0,0.0,0.0,0.0,0.0,5.0,9.0,4.0,0.0,4.0,0.0,95.16,204.043596128,0.0,0.25,0.75,383.0,N#C/C(C#N)=C(C=C/1)/C=CC1=C(C#N)/C#N
0.0,0.0,0.0,0.0,0.0,0.0,0.0,0.0,0.0,0.0,0.0,0.0,0.0,0.0,0.0,0.0,0.0,0.0,0.0,0.0,0.0,2.0,0.0,0.0,0.0,0.0,0.0,0.0,0.0,2.0,2.0,0.0,0.0,0.0,2.0,0.0,0.0,0.0,0.0,0.0,0.0,0.0,0.0,0.0,0.0,0.0,0.0,0.0,0.0,0.0,0.0,0.0,3.0,5.0,2.0,0.0,2.0,0.0,47.58,78.021798064,0.0,0.3333333333333333,0.6666666666666666,404.0,N#C/C=C/C#N
0.0,0.0,0.0,2.0,0.0,4.0,0.0,0.0,2.0,0.0,0.0,0.0,0.0,4.0,0.0,0.0,0.0,0.0,0.0,0.0,12.0,4.0,0.0,0.0,0.0,0.0,0.0,0.0,0.0,4.0,0.0,0.0,16.0,0.0,4.0,2.0,0.0,0.0,0.0,18.0,2.0,0.0,4.0,8.0,0.0,2.0,0.0,0.0,0.0,2.0,0.0,0.0,8.0,16.0,6.0,4.0,6.0,0.0,105.01999999999998,510.1592945760001,0.0,0.15,0.85,291.0,N#CC1=CC=C(C2=CC3=C(N2C4=CC=C(C=C4)C#N)C=C(N3C5=CC=C(C=C5)C#N)C6=CC=C(C=C6)C#N)C=C1
0.0,0.0,0.0,0.0,0.0,4.0,0.0,0.0,0.0,0.0,0.0,0.0,0.0,0.0,0.0,0.0,0.0,4.0,0.0,0.0,10.0,4.0,4.0,0.0,0.0,0.0,0.0,0.0,0.0,4.0,0.0,0.0,4.0,0.0,4.0,0.0,0.0,0.0,0.0,6.0,2.0,0.0,0.0,0.0,0.0,0.0,0.0,2.0,0.0,0.0,0.0,0.0,5.0,9.0,4.0,0.0,4.0,0.0,95.16,302.05924619200005,0.0,0.16666666666666666,0.8333333333333334,500.0,N#CC1=C(C2=C3C4=CC=C2C(C#N)=C1)C=CC3=C(C=C4C#N)C#N
0.0,0.0,0.0,0.0,0.0,2.0,0.0,0.0,0.0,0.0,0.0,0.0,0.0,0.0,0.0,0.0,0.0,4.0,0.0,0.0,6.0,2.0,0.0,0.0,0.0,0.0,0.0,0.0,0.0,2.0,0.0,0.0,4.0,0.0,2.0,0.0,0.0,0.0,0.0,8.0,0.0,0.0,0.0,0.0,0.0,0.0,0.0,0.0,0.0,0.0,0.0,0.0,5.0,7.0,2.0,0.0,2.0,0.0,47.58,228.068748256,0.0,0.1111111111111111,0.8888888888888888,589.0,N#CC1=C2C(C=CC=C2)=C(C3=CC=CC=C31)C#N
0.0,0.0,0.0,0.0,0.0,2.0,0.0,0.0,0.0,0.0,0.0,0.0,0.0,0.0,0.0,0.0,0.0,0.0,0.0,0.0,2.0,2.0,0.0,0.0,1.0,0.0,0.0,0.0,0.0,2.0,0.0,0.0,0.0,1.0,2.0,0.0,0.0,0.0,0.0,3.0,1.0,0.0,0.0,0.0,0.0,0.0,0.0,0.0,0.0,0.0,0.0,0.0,3.0,6.0,3.0,0.0,3.0,0.0,60.47,129.032697096,0.0,0.3,0.7,66.0,N#CC1=CC(C#N)=CN=C1
0.0,0.0,0.0,0.0,0.0,2.0,0.0,0.0,2.0,0.0,0.0,0.0,0.0,0.0,0.0,0.0,0.0,0.0,0.0,0.0,4.0,2.0,0.0,0.0,0.0,0.0,0.0,0.0,0.0,2.0,0.0,0.0,8.0,0.0,2.0,0.0,0.0,0.0,0.0,8.0,0.0,0.0,4.0,4.0,0.0,0.0,2.0,0.0,0.0,0.0,0.0,0.0,6.0,11.0,2.0,1.0,2.0,0.0,47.58,204.068748256,0.0,0.125,0.875,280.0,N#CC1=CC=C(C=C1)C2=CC=C(C=C2)C#N
0.0,0.0,0.0,0.0,0.0,2.0,0.0,0.0,0.0,0.0,0.0,0.0,0.0,0.0,0.0,0.0,0.0,0.0,0.0,0.0,4.0,2.0,0.0,0.0,2.0,0.0,0.0,0.0,0.0,2.0,0.0,0.0,4.0,0.0,2.0,0.0,0.0,0.0,0.0,6.0,0.0,0.0,0.0,2.0,0.0,0.0,0.0,0.0,0.0,0.0,0.0,0.0,6.0,11.0,4.0,1.0,4.0,0.0,73.36,206.059246192,0.0,0.25,0.75,393.0,N#CC1=CC=C(N=C1)C2=CC=C(C=N2)C#N
0.0,0.0,0.0,0.0,0.0,2.0,0.0,0.0,0.0,0.0,0.0,0.0,0.0,0.0,0.0,0.0,0.0,0.0,0.0,0.0,2.0,2.0,0.0,0.0,1.0,0.0,0.0,0.0,0.0,2.0,0.0,0.0,2.0,0.0,2.0,0.0,0.0,0.0,1.0,3.0,0.0,0.0,0.0,0.0,0.0,0.0,0.0,0.0,0.0,0.0,0.0,0.0,3.0,6.0,3.0,0.0,3.0,0.0,60.47,129.032697096,0.0,0.3,0.7,406.0,N#CC1=CC=CC(C#N)=N1
0.0,0.0,0.0,0.0,0.0,0.0,0.0,0.0,6.0,8.0,4.0,0.0,0.0,4.0,6.0,0.0,4.0,4.0,0.0,0.0,26.0,0.0,6.0,0.0,6.0,4.0,0.0,4.0,4.0,0.0,0.0,0.0,24.0,10.0,0.0,2.0,0.0,0.0,6.0,26.0,2.0,4.0,12.0,0.0,0.0,2.0,0.0,0.0,0.0,2.0,0.0,0.0,15.0,30.0,16.0,8.0,16.0,8.0,259.56,890.2825975680001,0.058823529411764705,0.17647058823529413,0.7647058823529411,423.0,NC1=CC=C(C2=NC(C3=CC=C(C=C3)N(C(C4=C5C=C(C6=C4)C(N(C(C=C7)=CC=C7C8=NC(C9=CC=C(C=C9)N)=NC(C%10=CC=C(C=C%10)N)=N8)C6=O)=O)=O)C5=O)=NC(C%11=CC=C(C=C%11)N)=N2)C=C1
0.0,0.0,0.0,0.0,0.0,0.0,0.0,0.0,6.0,8.0,4.0,0.0,0.0,4.0,6.0,0.0,4.0,0.0,0.0,4.0,28.0,0.0,6.0,0.0,6.0,4.0,0.0,0.0,4.0,0.0,0.0,0.0,28.0,10.0,0.0,2.0,0.0,0.0,6.0,28.0,0.0,4.0,12.0,0.0,0.0,2.0,0.0,2.0,0.0,0.0,0.0,0.0,16.0,31.0,16.0,8.0,16.0,8.0,256.18,940.298247632,0.05555555555555555,0.16666666666666666,0.7777777777777778,388.0,NC1=CC=C(C2=NC(C3=CC=C(C=C3)N(C(C4=CC=C5C6=C4C7=CC=C6C(N(C8=CC=C(C9=NC(C%10=CC=C(N)C=C%10)=NC(C%11=CC=C(N)C=C%11)=N9)C=C8)C5=O)=O)=O)C7=O)=NC(C%12=CC=C(C=C%12)N)=N2)C=C1
0.0,0.0,2.0,0.0,0.0,0.0,0.0,0.0,3.0,0.0,2.0,0.0,2.0,0.0,3.0,0.0,0.0,0.0,0.0,0.0,14.0,0.0,3.0,0.0,6.0,2.0,0.0,2.0,2.0,0.0,3.0,1.0,6.0,3.0,0.0,0.0,2.0,0.0,3.0,10.0,1.0,0.0,3.0,0.0,0.0,0.0,0.0,0.0,0.0,0.0,2.0,0.0,9.0,18.0,13.0,7.0,13.0,6.0,216.34000000000003,533.156000088,0.1,0.225,0.675,310.0,NC(N=C1)=CC=C1C2=NC(C3=CC=C(N=CC4=C(O)C(C=O)=C(O)C(C=O)=C4)N=C3)=NC(C5=CN=C(N)C=C5)=N2
0.0,0.0,2.0,0.0,0.0,0.0,0.0,0.0,3.0,0.0,2.0,0.0,3.0,0.0,3.0,0.0,0.0,0.0,0.0,0.0,15.0,0.0,3.0,0.0,6.0,2.0,0.0,3.0,2.0,0.0,3.0,1.0,6.0,3.0,0.0,0.0,3.0,0.0,3.0,9.0,0.0,0.0,3.0,0.0,0.0,0.0,0.0,0.0,0.0,0.0,2.0,0.0,9.0,18.0,14.0,7.0,14.0,7.0,236.57,549.150914708,0.12195121951219512,0.21951219512195122,0.6585365853658537,400.0,NC(N=C1)=CC=C1C2=NC(C3=CC=C(N=CC4=C(O)C(C=O)=C(O)C(C=O)=C4O)N=C3)=NC(C5=CN=C(N)C=C5)=N2
0.0,0.0,2.0,0.0,0.0,0.0,0.0,0.0,3.0,0.0,2.0,0.0,1.0,0.0,3.0,0.0,0.0,0.0,0.0,0.0,13.0,0.0,3.0,0.0,6.0,2.0,0.0,1.0,2.0,0.0,3.0,1.0,6.0,3.0,0.0,0.0,1.0,0.0,3.0,11.0,2.0,0.0,3.0,0.0,0.0,0.0,0.0,0.0,1.0,0.0,2.0,1.0,9.0,18.0,12.0,7.0,12.0,5.0,196.11,517.1610854680001,0.07692307692307693,0.23076923076923078,0.6923076923076923,400.0,NC(N=C1)=CC=C1C2=NC(C3=CC=C(N=CC4=C(O)C(C=O)=CC(C=O)=C4)N=C3)=NC(C5=CN=C(N)C=C5)=N2
6.0,0.0,2.0,0.0,0.0,0.0,0.0,0.0,3.0,0.0,1.0,0.0,0.0,0.0,3.0,1.0,0.0,0.0,0.0,0.0,13.0,0.0,3.0,0.0,3.0,1.0,0.0,2.0,2.0,0.0,3.0,1.0,12.0,3.0,0.0,0.0,2.0,0.0,3.0,14.0,2.0,0.0,6.0,0.0,2.0,0.0,0.0,0.0,2.0,0.0,2.0,3.0,10.0,19.0,9.0,7.0,9.0,4.0,151.65,515.159354152,0.10256410256410256,0.1282051282051282,0.7692307692307693,256.0,NC1=C(O)C=C(N=CC(C=C2)=CC=C2C3=NC(C4=CC=C(C=O)C=C4)=NC(C5=CC=C(C=O)C=C5)=N3)C(O)=C1
0.0,0.0,0.0,0.0,0.0,0.0,0.0,0.0,0.0,0.0,2.0,0.0,0.0,0.0,0.0,0.0,0.0,0.0,0.0,0.0,3.0,0.0,0.0,0.0,3.0,2.0,0.0,0.0,1.0,0.0,2.0,1.0,0.0,0.0,0.0,0.0,0.0,0.0,3.0,0.0,0.0,0.0,0.0,0.0,0.0,2.0,0.0,0.0,0.0,0.0,1.0,0.0,6.0,11.0,9.0,3.0,9.0,4.0,126.61999999999999,250.12905706799998,0.05555555555555555,0.4444444444444444,0.5,335.0,NC1=NC(N=CN(CC2)CCN2C=O)=NC(N)=N1
0.0,0.0,0.0,0.0,0.0,2.0,0.0,0.0,0.0,0.0,0.0,0.0,0.0,4.0,0.0,0.0,6.0,4.0,0.0,0.0,12.0,2.0,0.0,0.0,0.0,0.0,0.0,0.0,4.0,2.0,0.0,0.0,8.0,0.0,2.0,2.0,0.0,0.0,0.0,10.0,2.0,0.0,0.0,4.0,0.0,2.0,0.0,0.0,0.0,0.0,0.0,0.0,9.0,18.0,10.0,2.0,10.0,2.0,157.29999999999998,448.09200286400005,0.11764705882352941,0.17647058823529413,0.7058823529411765,256.0,O=C(N(N1)C2=CC=C(C#N)C=C2)C3=C(C1=O)C=C(C4=O)C(C(N(N4)C5=CC=C(C#N)C=C5)=O)=C3
0.0,0.0,0.0,0.0,0.0,2.0,0.0,0.0,0.0,0.0,0.0,0.0,0.0,4.0,0.0,0.0,4.0,4.0,0.0,0.0,12.0,2.0,0.0,0.0,0.0,0.0,0.0,4.0,4.0,2.0,0.0,0.0,8.0,0.0,2.0,2.0,0.0,0.0,0.0,10.0,2.0,0.0,0.0,4.0,0.0,2.0,0.0,0.0,0.0,2.0,0.0,0.0,9.0,18.0,8.0,2.0,8.0,0.0,125.71999999999997,418.07020479999994,0.125,0.125,0.75,231.0,O=C(N1C2=CC=C(C#N)C=C2)C3=CC4=C(C(N(C(C=C5)=CC=C5C#N)C4=O)=O)C=C3C1=O
0.0,0.0,0.0,0.0,0.0,0.0,0.0,1.0,0.0,0.0,2.0,0.0,0.0,0.0,0.0,0.0,0.0,0.0,0.0,0.0,5.0,0.0,0.0,0.0,3.0,2.0,0.0,0.0,0.0,0.0,0.0,0.0,2.0,0.0,0.0,0.0,0.0,0.0,3.0,2.0,0.0,0.0,0.0,0.0,0.0,0.0,0.0,0.0,0.0,0.0,0.0,0.0,4.0,8.0,8.0,2.0,6.0,5.0,102.74,285.9636273240001,0.0,0.4,0.4666666666666667,407.0,Nc1nc(N)nc(Nc2sc(Br)cc2)n1
0.0,0.0,0.0,0.0,0.0,0.0,0.0,0.0,0.0,0.0,0.0,0.0,0.0,0.0,0.0,0.0,8.0,0.0,0.0,0.0,20.0,0.0,0.0,0.0,6.0,0.0,0.0,0.0,8.0,0.0,0.0,0.0,0.0,0.0,0.0,0.0,0.0,0.0,6.0,4.0,4.0,0.0,0.0,0.0,0.0,0.0,0.0,0.0,0.0,0.0,0.0,0.0,9.0,17.0,14.0,0.0,14.0,0.0,213.89999999999992,504.0090610879999,0.21052631578947367,0.15789473684210525,0.631578947368421,663.0,O=C1C(C(c2c(C1=O)nc3cc4nc5cc6nc7c(C(C(C(C7=O)=O)=O)=O)nc6cc5nc4cc3n2)=O)=O
0.0,2.0,0.0,0.0,0.0,0.0,0.0,1.0,0.0,0.0,1.0,0.0,0.0,0.0,0.0,0.0,3.0,2.0,2.0,0.0,10.0,1.0,0.0,0.0,0.0,1.0,3.0,0.0,3.0,0.0,3.0,0.0,4.0,0.0,0.0,0.0,0.0,0.0,0.0,6.0,0.0,0.0,0.0,0.0,0.0,0.0,0.0,0.0,0.0,0.0,0.0,0.0,6.0,11.0,5.0,2.0,5.0,3.0,89.25999999999999,346.1317424359999,0.11538461538461539,0.07692307692307693,0.8076923076923077,379.0,C/C=C1C(/C(C(/C(C\1=O)=C/Nc2c3cccc(N)c3ccc2)=O)=C\C)=O
0.0,0.0,0.0,0.0,0.0,0.0,0.0,0.0,3.0,0.0,2.0,0.0,0.0,0.0,0.0,0.0,4.0,0.0,0.0,4.0,23.0,0.0,3.0,0.0,1.0,2.0,0.0,0.0,7.0,0.0,0.0,0.0,8.0,0.0,0.0,2.0,6.0,0.0,1.0,16.0,8.0,1.0,2.0,0.0,0.0,2.0,0.0,2.0,0.0,0.0,0.0,0.0,13.0,25.0,16.0,7.0,16.0,8.0,267.38,772.1553909680001,0.1724137931034483,0.10344827586206896,0.7241379310344828,67.0,O=C1N(c2cc(C3=Nc4ccc(c5ccc(N)c(N)c5)cc4N3)cc(C(O)=O)c2)C(c6c7c1ccc(C8=O)c7c(C(N8c9cc(C(O)=O)cc(C(O)=O)c9)=O)cc6)=O
0.0,0.0,0.0,0.0,0.0,0.0,0.0,0.0,3.0,0.0,2.0,0.0,0.0,0.0,0.0,0.0,4.0,4.0,0.0,4.0,29.0,0.0,3.0,0.0,1.0,2.0,0.0,0.0,7.0,0.0,0.0,0.0,12.0,0.0,0.0,2.0,6.0,0.0,1.0,20.0,8.0,1.0,2.0,0.0,0.0,2.0,0.0,4.0,0.0,0.0,0.0,0.0,15.0,29.0,16.0,7.0,16.0,8.0,267.38,896.1866910960002,0.14705882352941177,0.08823529411764706,0.7647058823529411,6.0,O=C1N(c2cc(C3=Nc4cc(c5ccc(N)c(N)c5)ccc4N3)cc(C(O)=O)c2)C(c6c7c1ccc8c7c(c9c%10c8ccc(C%11=O)c%10c(C(N%11c%12cc(C(O)=O)cc(C(O)=O)c%12)=O)cc9)cc6)=O
0.0,0.0,0.0,0.0,0.0,0.0,0.0,0.0,3.0,0.0,2.0,0.0,0.0,0.0,0.0,0.0,4.0,4.0,0.0,0.0,21.0,0.0,3.0,0.0,1.0,2.0,0.0,4.0,7.0,0.0,0.0,0.0,4.0,0.0,0.0,2.0,6.0,0.0,1.0,14.0,10.0,1.0,2.0,0.0,0.0,2.0,0.0,0.0,0.0,2.0,0.0,0.0,12.0,24.0,16.0,7.0,16.0,8.0,270.75999999999993,722.1397409040001,0.18518518518518517,0.1111111111111111,0.7037037037037037,88.0,Nc1c(N)cc(c(cc2)cc3c2nc(c4cc(N5C(c6c(C5=O)cc7c(C(N(C7=O)c8cc(C(O)=O)cc(C(O)=O)c8)=O)c6)=O)cc(C(O)=O)c4)[nH]3)cc1
0.0,2.0,0.0,0.0,0.0,0.0,0.0,1.0,0.0,1.0,1.0,1.0,0.0,0.0,0.0,0.0,5.0,0.0,0.0,4.0,14.0,1.0,0.0,0.0,0.0,1.0,5.0,0.0,5.0,0.0,3.0,0.0,4.0,0.0,0.0,0.0,0.0,0.0,0.0,6.0,2.0,1.0,0.0,0.0,0.0,0.0,0.0,0.0,0.0,0.0,0.0,0.0,8.0,15.0,7.0,2.0,7.0,3.0,123.39999999999998,426.121571676,0.15625,0.0625,0.78125,49.0,CC=c(c(=O)c(=CC)c(=O)c1=CNc2ccc(C(c3cc(N)ccc3C4=O)=O)c4c2)c1=O
0.0,2.0,0.0,0.0,0.0,0.0,0.0,1.0,0.0,2.0,1.0,1.0,0.0,0.0,0.0,0.0,3.0,0.0,1.0,0.0,8.0,1.0,0.0,0.0,0.0,1.0,3.0,0.0,3.0,0.0,3.0,0.0,4.0,1.0,0.0,0.0,0.0,0.0,0.0,4.0,0.0,1.0,0.0,0.0,0.0,0.0,0.0,0.0,0.0,0.0,0.0,0.0,6.0,11.0,5.0,2.0,5.0,3.0,89.25999999999999,296.116092372,0.13636363636363635,0.09090909090909091,0.7727272727272727,95.0,O=C(/C(C(/C(C/1=O)=C/Nc2ccc(N)cc2)=O)=C\C)C1=C\C
0.0,0.0,4.0,0.0,0.0,0.0,0.0,0.0,0.0,0.0,0.0,0.0,6.0,0.0,0.0,0.0,0.0,0.0,0.0,0.0,18.0,0.0,0.0,0.0,2.0,0.0,0.0,6.0,4.0,0.0,4.0,0.0,0.0,0.0,0.0,0.0,6.0,0.0,2.0,2.0,2.0,0.0,0.0,0.0,0.0,0.0,0.0,0.0,0.0,0.0,4.0,0.0,8.0,16.0,14.0,6.0,12.0,6.0,215.44,551.993336584,0.2631578947368421,0.05263157894736842,0.631578947368421,724.0,O=Cc1c(O)c(c(n2)sc3c2cc(sc(c4c(O)c(C=O)c(O)c(C=O)c4O)n5)c5c3)c(O)c(C=O)c1O
0.0,0.0,4.0,0.0,0.0,0.0,0.0,0.0,2.0,0.0,0.0,0.0,0.0,2.0,0.0,0.0,0.0,0.0,0.0,0.0,12.0,0.0,0.0,0.0,2.0,0.0,0.0,0.0,4.0,0.0,4.0,0.0,0.0,0.0,0.0,0.0,0.0,0.0,2.0,8.0,8.0,0.0,2.0,0.0,0.0,0.0,0.0,0.0,4.0,0.0,4.0,4.0,8.0,16.0,8.0,6.0,6.0,0.0,94.06,456.02384886399994,0.125,0.0625,0.75,166.0,O=Cc1cc(c(n2)sc3c2cc(sc(c4cc(C=O)cc(C=O)c4)n5)c5c3)cc(C=O)c1
0.0,0.0,0.0,0.0,0.0,0.0,0.0,0.0,0.0,0.0,0.0,0.0,0.0,0.0,0.0,0.0,8.0,0.0,0.0,0.0,16.0,0.0,0.0,0.0,4.0,0.0,0.0,0.0,8.0,0.0,0.0,0.0,0.0,0.0,0.0,0.0,0.0,0.0,4.0,2.0,2.0,0.0,0.0,0.0,0.0,0.0,0.0,0.0,0.0,0.0,0.0,0.0,7.0,13.0,12.0,0.0,12.0,0.0,188.11999999999998,401.98726302399996,0.26666666666666666,0.13333333333333333,0.6,224.0,O=C1C(C(C(C2=C1N=C(C=C3C(N=C(C(C(C(C4=O)=O)=O)=O)C4=N3)=C5)C5=N2)=O)=O)=O
0.0,0.0,0.0,0.0,0.0,0.0,0.0,0.0,0.0,0.0,0.0,0.0,0.0,0.0,0.0,0.0,10.0,0.0,0.0,0.0,18.0,0.0,0.0,0.0,4.0,0.0,2.0,0.0,10.0,0.0,0.0,0.0,0.0,0.0,0.0,0.0,0.0,0.0,4.0,0.0,0.0,0.0,0.0,0.0,0.0,0.0,0.0,0.0,0.0,0.0,0.0,0.0,7.0,13.0,14.0,0.0,14.0,0.0,222.26,431.9614421999999,0.3125,0.125,0.5625,585.0,O=C1C(C(c2nc(C(c3nc(C(C(C(C4=O)=O)=O)=O)c4nc3C5=O)=O)c5nc2C1=O)=O)=O
0.0,0.0,0.0,0.0,0.0,0.0,0.0,0.0,6.0,0.0,0.0,0.0,0.0,0.0,0.0,0.0,0.0,0.0,0.0,2.0,28.0,0.0,0.0,0.0,0.0,0.0,0.0,0.0,0.0,0.0,0.0,0.0,40.0,0.0,0.0,0.0,0.0,0.0,0.0,44.0,4.0,0.0,12.0,0.0,0.0,0.0,4.0,0.0,0.0,0.0,0.0,0.0,18.0,36.0,10.0,14.0,0.0,0.0,0.0,1655.6664403359998,0.0,0.0,0.8837209302325582,51.0,BrC1=CC=C(C(C(C2=CC=C(C=C2)C3=CC=C(C=C3)C4=CC5=C(C=C4Br)SC6=C(C=C(C(Br)=C6)C7=CC=C(C8=CC=C(C(C(C9=CC=C(Br)C=C9)C%10=CC=C(Br)C=C%10)C%11=CC=C(Br)C=C%11)C=C8)C=C7)S5)C%12=CC=C(Br)C=C%12)C%13=CC=C(Br)C=C%13)C=C1
0.0,0.0,0.0,0.0,0.0,0.0,1.0,0.0,0.0,0.0,0.0,0.0,0.0,10.0,0.0,3.0,0.0,0.0,0.0,0.0,23.0,0.0,0.0,0.0,0.0,0.0,0.0,0.0,0.0,3.0,0.0,0.0,26.0,0.0,0.0,5.0,0.0,0.0,0.0,31.0,5.0,0.0,0.0,5.0,0.0,5.0,0.0,6.0,0.0,0.0,0.0,0.0,21.0,41.0,13.0,8.0,11.0,0.0,65.59000000000002,1190.2365929640002,0.06172839506172839,0.07407407407407407,0.8395061728395061,31.0,C#Cc%14ccc(N%13COc%12cc%11CN(c%10ccc(C#Cc9ccc8CN(c7ccc(N(c3ccc(N2COc1cc(Br)ccc1C2)cc3)c6ccc(N5COc4cc(Br)ccc4C5)cc6)cc7)COc8c9)cc%10)COc%11cc%12C%13)cc%14
0.0,1.0,0.0,0.0,0.0,0.0,0.0,5.0,0.0,0.0,0.0,5.0,0.0,0.0,0.0,4.0,0.0,0.0,0.0,0.0,23.0,0.0,0.0,0.0,0.0,0.0,2.0,5.0,0.0,0.0,0.0,0.0,26.0,0.0,0.0,0.0,5.0,0.0,0.0,31.0,5.0,0.0,0.0,0.0,0.0,0.0,0.0,6.0,0.0,0.0,0.0,0.0,21.0,41.0,13.0,22.0,11.0,10.0,164.54,1138.2991932200002,0.06578947368421052,0.07894736842105263,0.8289473684210527,68.0,CCc9ccc(NCc8cc(O)c(CNc7ccc(CCc6ccc(CNc5ccc(N(c2ccc(NCc1ccc(Br)cc1O)cc2)c4ccc(NCc3ccc(Br)cc3O)cc4)cc5)c(O)c6)cc7)cc8O)cc9
0.0,2.0,0.0,0.0,0.0,0.0,0.0,0.0,0.0,0.0,0.0,0.0,0.0,0.0,0.0,0.0,0.0,4.0,0.0,0.0,12.0,0.0,4.0,0.0,0.0,0.0,0.0,0.0,0.0,0.0,0.0,0.0,16.0,0.0,0.0,0.0,2.0,0.0,0.0,26.0,0.0,0.0,2.0,0.0,0.0,0.0,0.0,0.0,0.0,0.0,0.0,0.0,8.0,15.0,0.0,4.0,0.0,0.0,0.0,536.250401024,0.0,0.0,1.0,73.0,Cc1ccc(C(c2ccccc2)=c(c(cccc3)c3c4=C(c5ccc(C)cc5)c6ccccc6)c7c4cccc7)cc1
0.0,0.0,0.0,0.0,0.0,0.0,0.0,0.0,2.0,0.0,0.0,0.0,0.0,0.0,2.0,0.0,0.0,4.0,0.0,0.0,18.0,0.0,6.0,0.0,6.0,0.0,0.0,0.0,0.0,0.0,0.0,0.0,16.0,0.0,0.0,0.0,2.0,0.0,6.0,26.0,0.0,0.0,4.0,4.0,0.0,0.0,0.0,0.0,0.0,0.0,0.0,0.0,11.0,21.0,10.0,6.0,6.0,0.0,77.34,802.0973055520001,0.0,0.10714285714285714,0.8214285714285714,98.0,Clc1nc(c2ccc(C(c3ccccc3)=c(c(cccc4)c4c5=C(c6ccc(c7nc(Cl)nc(Cl)n7)cc6)c8ccccc8)c9c5cccc9)cc2)nc(Cl)n1
0.0,0.0,0.0,0.0,0.0,3.0,0.0,0.0,4.0,0.0,0.0,0.0,0.0,1.0,0.0,0.0,0.0,0.0,0.0,0.0,9.0,3.0,0.0,0.0,1.0,0.0,0.0,0.0,0.0,3.0,0.0,0.0,12.0,0.0,3.0,0.0,0.0,0.0,1.0,14.0,2.0,0.0,6.0,6.0,0.0,0.0,1.0,0.0,0.0,0.0,0.0,0.0,8.0,14.0,4.0,3.0,4.0,0.0,84.25999999999999,382.12184644800004,0.0,0.13333333333333333,0.8666666666666667,231.0,N#Cc1ccc(c2cc(c3ccc(C#N)cc3)nc(c4ccc(C#N)cc4)c2)cc1
4.0,0.0,1.0,0.0,1.0,0.0,1.0,0.0,0.0,2.0,1.0,1.0,2.0,0.0,0.0,0.0,0.0,0.0,1.0,0.0,6.0,0.0,0.0,1.0,0.0,1.0,0.0,0.0,1.0,0.0,2.0,1.0,12.0,1.0,0.0,0.0,0.0,1.0,0.0,12.0,1.0,1.0,0.0,0.0,1.0,0.0,0.0,0.0,1.0,0.0,1.0,2.0,9.0,17.0,4.0,5.0,4.0,2.0,64.68,316.121177752,0.08333333333333333,0.08333333333333333,0.8333333333333334,575.0,Nc3ccc(Oc2ccc(/N=C/c1ccc(C=O)cc1)cc2)cc3
0.0,0.0,2.0,0.0,0.0,0.0,0.0,1.0,0.0,4.0,2.0,1.0,0.0,0.0,0.0,3.0,1.0,0.0,0.0,0.0,12.0,1.0,0.0,0.0,0.0,2.0,1.0,2.0,3.0,0.0,3.0,0.0,12.0,2.0,0.0,0.0,2.0,0.0,0.0,12.0,0.0,2.0,0.0,0.0,0.0,0.0,0.0,6.0,0.0,0.0,2.0,0.0,8.0,16.0,9.0,7.0,9.0,7.0,158.98000000000002,482.15901980399985,0.1388888888888889,0.1111111111111111,0.75,291.0,Nc4ccc(N(c1ccc(N)cc1)c3ccc(NC=c2c(O)c(C=O)c(O)c(C=O)c2=O)cc3)cc4
0.0,0.0,2.0,0.0,0.0,0.0,0.0,1.0,4.0,4.0,2.0,1.0,0.0,1.0,0.0,0.0,1.0,0.0,0.0,0.0,15.0,1.0,0.0,0.0,1.0,2.0,1.0,2.0,3.0,0.0,3.0,0.0,12.0,2.0,0.0,0.0,2.0,0.0,1.0,14.0,2.0,2.0,6.0,0.0,0.0,0.0,1.0,0.0,0.0,0.0,2.0,0.0,9.0,18.0,9.0,7.0,9.0,7.0,168.63,544.1746698679999,0.12195121951219512,0.0975609756097561,0.7804878048780488,209.0,Nc5ccc(c4cc(c1ccc(N)cc1)nc(c3ccc(NC=c2c(O)c(C=O)c(O)c(C=O)c2=O)cc3)c4)cc5
0.0,2.0,2.0,2.0,0.0,0.0,0.0,1.0,0.0,3.0,2.0,1.0,0.0,2.0,0.0,0.0,1.0,2.0,0.0,0.0,14.0,1.0,0.0,0.0,0.0,2.0,1.0,2.0,3.0,0.0,3.0,0.0,8.0,1.0,0.0,1.0,2.0,0.0,0.0,10.0,2.0,2.0,0.0,0.0,0.0,1.0,0.0,0.0,0.0,1.0,2.0,0.0,8.0,16.0,9.0,5.0,9.0,7.0,160.67000000000002,480.14336973999986,0.1388888888888889,0.1111111111111111,0.75,150.0,Nc5ccc(n4c1ccc(N)cc1c3cc(NC=c2c(O)c(C=O)c(O)c(C=O)c2=O)ccc34)cc5
6.0,0.0,2.0,0.0,1.0,0.0,1.0,0.0,0.0,4.0,2.0,1.0,2.0,0.0,0.0,6.0,0.0,0.0,1.0,0.0,12.0,0.0,0.0,1.0,0.0,2.0,0.0,0.0,2.0,0.0,3.0,1.0,24.0,2.0,0.0,0.0,0.0,1.0,0.0,24.0,1.0,2.0,0.0,0.0,2.0,0.0,0.0,12.0,2.0,0.0,2.0,3.0,11.0,22.0,7.0,10.0,7.0,4.0,105.01999999999998,601.2477752319999,0.043478260869565216,0.10869565217391304,0.8478260869565217,51.0,Nc6ccc(N(c1ccc(N)cc1)c5ccc(/N=C/c4ccc(N(c2ccc(C=O)cc2)c3ccc(C=O)cc3)cc4)cc5)cc6
6.0,0.0,2.0,0.0,1.0,0.0,1.0,0.0,4.0,4.0,2.0,1.0,2.0,1.0,0.0,3.0,0.0,0.0,1.0,0.0,15.0,0.0,0.0,1.0,1.0,2.0,0.0,0.0,2.0,0.0,3.0,1.0,24.0,2.0,0.0,0.0,0.0,1.0,1.0,26.0,3.0,2.0,6.0,0.0,2.0,0.0,1.0,6.0,2.0,0.0,2.0,3.0,12.0,24.0,7.0,10.0,7.0,4.0,114.67,663.2634252959999,0.0392156862745098,0.09803921568627451,0.8627450980392157,14.0,Nc7ccc(N(c1ccc(N)cc1)c6ccc(/N=C/c5ccc(c4cc(c2ccc(C=O)cc2)cc(c3ccc(C=O)cc3)n4)cc5)cc6)cc7
6.0,0.0,2.0,0.0,1.0,0.0,1.0,0.0,3.0,4.0,2.0,1.0,2.0,0.0,3.0,3.0,0.0,0.0,1.0,0.0,15.0,0.0,3.0,1.0,3.0,2.0,0.0,0.0,2.0,0.0,3.0,1.0,24.0,5.0,0.0,0.0,0.0,1.0,3.0,24.0,1.0,2.0,6.0,0.0,2.0,0.0,0.0,6.0,2.0,0.0,2.0,3.0,12.0,24.0,9.0,10.0,9.0,4.0,140.45,665.2539232319999,0.0392156862745098,0.13725490196078433,0.8235294117647058,5.0,Nc7ccc(N(c1ccc(N)cc1)c6ccc(/N=C/c5ccc(c4nc(c2ccc(C=O)cc2)nc(c3ccc(C=O)cc3)n4)cc5)cc6)cc7
0.0,0.0,0.0,0.0,0.0,0.0,0.0,0.0,8.0,4.0,2.0,0.0,0.0,0.0,0.0,0.0,0.0,0.0,0.0,0.0,14.0,0.0,0.0,0.0,0.0,2.0,1.0,0.0,2.0,0.0,0.0,0.0,18.0,2.0,1.0,0.0,0.0,0.0,0.0,26.0,4.0,2.0,6.0,0.0,0.0,0.0,5.0,0.0,0.0,0.0,0.0,0.0,13.0,25.0,10.0,8.0,10.0,4.0,146.07999999999998,658.2317562801801,0.08,0.12,0.8,404.0,Nc7ccc(c6cc(c1ccc(N)cc1)cc(c5ccc([n+]4ccc(c3cc[n+](c2ccc(N(=O)=O)cc2N(=O)=O)cc3)cc4)cc5)c6)cc7
6.0,0.0,2.0,0.0,1.0,0.0,1.0,0.0,3.0,4.0,2.0,1.0,2.0,0.0,3.0,3.0,0.0,0.0,1.0,0.0,15.0,0.0,3.0,1.0,3.0,2.0,0.0,0.0,2.0,0.0,3.0,1.0,24.0,5.0,0.0,0.0,0.0,1.0,3.0,24.0,1.0,2.0,6.0,0.0,2.0,0.0,0.0,6.0,2.0,0.0,2.0,3.0,12.0,24.0,9.0,10.0,9.0,4.0,140.45,665.2539232319999,0.0392156862745098,0.13725490196078433,0.8235294117647058,2.0,Nc7ccc(c6nc(c1ccc(N)cc1)nc(c5ccc(/N=C/c4ccc(N(c2ccc(C=O)cc2)c3ccc(C=O)cc3)cc4)cc5)n6)cc7
6.0,2.0,2.0,2.0,1.0,0.0,1.0,0.0,0.0,3.0,2.0,0.0,1.0,2.0,0.0,3.0,0.0,2.0,1.0,0.0,14.0,0.0,0.0,1.0,0.0,2.0,0.0,0.0,2.0,0.0,3.0,1.0,20.0,1.0,0.0,1.0,0.0,1.0,0.0,22.0,3.0,2.0,0.0,0.0,2.0,1.0,0.0,6.0,2.0,1.0,2.0,3.0,11.0,22.0,7.0,8.0,7.0,4.0,106.70999999999998,599.2321251679999,0.043478260869565216,0.10869565217391304,0.8478260869565217,14.0,Nc7ccc(n6c1ccc(N)cc1c5cc(/N=C/c4ccc(N(c2ccc(C=O)cc2)c3ccc(C=O)cc3)cc4)ccc56)cc7
6.0,0.0,2.0,0.0,1.0,0.0,1.0,0.0,7.0,4.0,2.0,1.0,2.0,1.0,3.0,0.0,0.0,0.0,1.0,0.0,18.0,0.0,3.0,1.0,4.0,2.0,0.0,0.0,2.0,0.0,3.0,1.0,24.0,5.0,0.0,0.0,0.0,1.0,4.0,26.0,3.0,2.0,12.0,0.0,2.0,0.0,1.0,0.0,2.0,0.0,2.0,3.0,13.0,26.0,9.0,10.0,9.0,4.0,150.09999999999997,727.269573296,0.03571428571428571,0.125,0.8392857142857143,16.0,Nc8ccc(c7nc(c1ccc(N)cc1)nc(c6ccc(/N=C/c5ccc(c4cc(c2ccc(C=O)cc2)cc(c3ccc(C=O)cc3)n4)cc5)cc6)n7)cc8
6.0,0.0,2.0,0.0,1.0,0.0,1.0,0.0,6.0,4.0,2.0,1.0,2.0,0.0,6.0,0.0,0.0,0.0,1.0,0.0,18.0,0.0,6.0,1.0,6.0,2.0,0.0,0.0,2.0,0.0,3.0,1.0,24.0,8.0,0.0,0.0,0.0,1.0,6.0,24.0,1.0,2.0,12.0,0.0,2.0,0.0,0.0,0.0,2.0,0.0,2.0,3.0,13.0,26.0,11.0,10.0,11.0,4.0,175.87999999999994,729.260071232,0.03571428571428571,0.16071428571428573,0.8035714285714286,52.0,Nc8ccc(c7nc(c1ccc(N)cc1)nc(c6ccc(/N=C/c5ccc(c4nc(c2ccc(C=O)cc2)nc(c3ccc(C=O)cc3)n4)cc5)cc6)n7)cc8
6.0,2.0,2.0,2.0,1.0,0.0,1.0,0.0,4.0,3.0,2.0,0.0,1.0,3.0,0.0,0.0,0.0,2.0,1.0,0.0,17.0,0.0,0.0,1.0,1.0,2.0,0.0,0.0,2.0,0.0,3.0,1.0,20.0,1.0,0.0,1.0,0.0,1.0,1.0,24.0,5.0,2.0,6.0,0.0,2.0,1.0,1.0,0.0,2.0,1.0,2.0,3.0,12.0,24.0,7.0,8.0,7.0,4.0,116.36,661.2477752319999,0.0392156862745098,0.09803921568627451,0.8627450980392157,15.0,Nc8ccc(n7c1ccc(N)cc1c6cc(/N=C/c5ccc(c4cc(c2ccc(C=O)cc2)cc(c3ccc(C=O)cc3)n4)cc5)ccc67)cc8
6.0,2.0,2.0,2.0,1.0,0.0,1.0,0.0,3.0,3.0,2.0,0.0,1.0,2.0,3.0,0.0,0.0,2.0,1.0,0.0,17.0,0.0,3.0,1.0,3.0,2.0,0.0,0.0,2.0,0.0,3.0,1.0,20.0,4.0,0.0,1.0,0.0,1.0,3.0,22.0,3.0,2.0,6.0,0.0,2.0,1.0,0.0,0.0,2.0,1.0,2.0,3.0,12.0,24.0,9.0,8.0,9.0,4.0,142.14,663.238273168,0.0392156862745098,0.13725490196078433,0.8235294117647058,17.0,Nc8ccc(n7c1ccc(N)cc1c6cc(/N=C/c5ccc(c4nc(c2ccc(C=O)cc2)nc(c3ccc(C=O)cc3)n4)cc5)ccc67)cc8
0.0,0.0,0.0,0.0,0.0,0.0,2.0,0.0,4.0,0.0,0.0,0.0,0.0,0.0,0.0,0.0,0.0,0.0,0.0,0.0,16.0,0.0,0.0,0.0,0.0,0.0,0.0,0.0,4.0,0.0,0.0,0.0,24.0,0.0,0.0,0.0,0.0,0.0,0.0,26.0,2.0,0.0,7.0,0.0,0.0,0.0,3.0,0.0,0.0,0.0,0.0,0.0,11.0,22.0,10.0,7.0,4.0,0.0,68.28,999.8162497760001,0.07407407407407407,0.0,0.8148148148148148,52.0,O=S8(=O)c1ccc(Br)cc1S(=O)(=O)c7cc(c6ccc(c5ccc(C(c2ccc(Br)cc2)C(c3ccc(Br)cc3)c4ccc(Br)cc4)cc5)cc6)ccc78
0.0,3.0,0.0,0.0,0.0,0.0,0.0,0.0,1.0,0.0,0.0,0.0,0.0,0.0,0.0,0.0,1.0,10.0,0.0,1.0,30.0,0.0,2.0,0.0,4.0,0.0,0.0,0.0,0.0,0.0,0.0,0.0,12.0,0.0,0.0,0.0,6.0,0.0,4.0,18.0,8.0,0.0,1.0,0.0,0.0,0.0,0.0,2.0,0.0,0.0,0.0,0.0,12.0,24.0,16.0,4.0,10.0,6.0,172.94,1049.983812116,0.09090909090909091,0.06060606060606061,0.7575757575757576,75.0,OB(O)c%10cc(B(O)O)c%11ccc%13c(B(O)O)cc(c1ccc8c(c1)c2cc(Br)ccc2c9nc7cc6nc5c3ccc(Br)cc3c4cc(Br)ccc4c5nc6cc7nc89)c%12CCc%10c%11c%12%13
0.0,0.0,0.0,0.0,0.0,0.0,0.0,0.0,6.0,0.0,0.0,0.0,0.0,1.0,0.0,0.0,0.0,8.0,0.0,0.0,29.0,0.0,0.0,0.0,5.0,0.0,0.0,0.0,0.0,0.0,0.0,0.0,20.0,0.0,0.0,0.0,4.0,0.0,5.0,28.0,8.0,0.0,9.0,0.0,0.0,0.0,2.0,0.0,0.0,0.0,0.0,0.0,15.0,29.0,14.0,6.0,9.0,4.0,145.37,1109.019051604,0.056338028169014086,0.07042253521126761,0.8028169014084507,25.0,OB(O)c%13ccc(c%12cc(c%10ccc(c1ccc8c(c1)c2cc(Br)ccc2c9nc7cc6nc5c3ccc(Br)cc3c4cc(Br)ccc4c5nc6cc7nc89)cc%10)cc(c%11ccc(B(O)O)cc%11)n%12)cc%13
0.0,0.0,0.0,0.0,0.0,0.0,0.0,0.0,5.0,0.0,0.0,0.0,0.0,0.0,3.0,0.0,0.0,8.0,0.0,0.0,29.0,0.0,3.0,0.0,7.0,0.0,0.0,0.0,0.0,0.0,0.0,0.0,20.0,3.0,0.0,0.0,4.0,0.0,7.0,26.0,6.0,0.0,9.0,0.0,0.0,0.0,1.0,0.0,0.0,0.0,0.0,0.0,15.0,29.0,16.0,6.0,11.0,4.0,171.14999999999998,1111.0095495399999,0.056338028169014086,0.09859154929577464,0.7746478873239436,122.0,OB(O)c%13ccc(c%12nc(c1ccc(B(O)O)cc1)nc(c%11ccc(c2ccc9c(c2)c3cc(Br)ccc3c%10nc8cc7nc6c4ccc(Br)cc4c5cc(Br)ccc5c6nc7cc8nc9%10)cc%11)n%12)cc%13
0.0,8.0,0.0,4.0,0.0,0.0,0.0,0.0,2.0,0.0,0.0,0.0,0.0,4.0,0.0,0.0,0.0,4.0,0.0,0.0,16.0,0.0,0.0,0.0,0.0,0.0,0.0,0.0,0.0,0.0,0.0,0.0,16.0,0.0,0.0,2.0,0.0,0.0,0.0,20.0,4.0,0.0,4.0,0.0,0.0,2.0,2.0,0.0,0.0,2.0,0.0,0.0,10.0,19.0,2.0,3.0,2.0,0.0,9.86,540.256549024,0.0,0.047619047619047616,0.9523809523809523,300.0,CC1=CC2=C(C=C1)N(C3=C2C=C(C)C=C3)C4=CC=C(C=C4)C(C=C5)=CC=C5N6C7=C(C8=C6C=CC(C)=C8)C=C(C)C=C7
0.0,12.0,0.0,6.0,0.0,0.0,0.0,0.0,0.0,0.0,0.0,0.0,0.0,6.0,0.0,3.0,0.0,6.0,0.0,0.0,24.0,0.0,0.0,0.0,0.0,0.0,0.0,0.0,0.0,0.0,0.0,0.0,24.0,0.0,0.0,3.0,0.0,0.0,0.0,30.0,6.0,0.0,0.0,0.0,0.0,3.0,0.0,6.0,0.0,3.0,0.0,0.0,10.0,20.0,4.0,6.0,4.0,0.0,18.03,824.387897536,0.0,0.0625,0.9375,380.0,CC1=CC2=C(C=C1)N(C3=C2C=C(C)C=C3)C4=CC=C(C=C4)N(C5=CC=C(N6C7=C(C8=C6C=CC(C)=C8)C=C(C)C=C7)C=C5)C(C=C9)=CC=C9N%10C%11=C(C%12=C%10C=CC(C)=C%12)C=C(C)C=C%11
0.0,12.0,0.0,6.0,0.0,0.0,0.0,0.0,0.0,0.0,0.0,0.0,0.0,0.0,0.0,0.0,0.0,6.0,0.0,0.0,21.0,0.0,0.0,0.0,3.0,0.0,0.0,0.0,0.0,0.0,0.0,0.0,12.0,0.0,0.0,0.0,0.0,0.0,3.0,18.0,6.0,0.0,0.0,0.0,0.0,3.0,0.0,0.0,0.0,3.0,0.0,0.0,8.0,14.0,6.0,3.0,6.0,0.0,53.46,660.300145152,0.0,0.11764705882352941,0.8823529411764706,550.0,CC1=CC(C2=C3C=CC(C)=C2)=C(C=C1)N3C4=NC(N5C6=C(C7=C5C=CC(C)=C7)C=C(C)C=C6)=NC(N8C9=C(C%10=C8C=CC(C)=C%10)C=C(C)C=C9)=N4
0.0,0.0,0.0,0.0,0.0,2.0,0.0,0.0,1.0,0.0,0.0,0.0,0.0,2.0,0.0,0.0,1.0,2.0,0.0,0.0,8.0,2.0,0.0,0.0,1.0,0.0,0.0,0.0,1.0,2.0,0.0,0.0,10.0,0.0,2.0,1.0,0.0,0.0,0.0,12.0,0.0,0.0,2.0,4.0,1.0,1.0,0.0,0.0,0.0,0.0,0.0,0.0,7.0,14.0,5.0,2.0,5.0,0.0,82.47,348.101111004,0.037037037037037035,0.14814814814814814,0.8148148148148148,277.0,O=C(C1=C2C=CC=C1)N(C3=CC=C(C#N)C=C3)N=C2C4=CC=C(C#N)C=C4
0.0,0.0,0.0,0.0,0.0,2.0,0.0,0.0,2.0,0.0,0.0,0.0,0.0,0.0,0.0,0.0,0.0,0.0,0.0,0.0,8.0,2.0,0.0,0.0,2.0,0.0,0.0,0.0,0.0,2.0,0.0,0.0,8.0,0.0,2.0,0.0,0.0,0.0,2.0,8.0,0.0,0.0,4.0,4.0,0.0,0.0,0.0,0.0,0.0,0.0,0.0,0.0,8.0,16.0,6.0,2.0,4.0,0.0,73.36,344.01903825600004,0.0,0.16666666666666666,0.75,209.0,N#CC(C=C1)=CC=C1C2=NC3=C(N=C(C4=CC=C(C#N)C=C4)S3)S2
0.0,2.0,0.0,0.0,0.0,2.0,0.0,0.0,0.0,0.0,0.0,0.0,0.0,0.0,0.0,0.0,0.0,0.0,0.0,0.0,6.0,2.0,0.0,0.0,0.0,0.0,0.0,0.0,0.0,2.0,0.0,0.0,0.0,0.0,2.0,0.0,0.0,0.0,0.0,0.0,0.0,0.0,0.0,0.0,0.0,0.0,0.0,1.0,0.0,0.0,0.0,0.0,4.0,8.0,4.0,0.0,2.0,0.0,47.58,217.997240192,0.0,0.14285714285714285,0.7142857142857143,383.0,CC1=C(C#N)SC2=C1C(C)=C(C#N)S2
0.0,0.0,0.0,0.0,0.0,2.0,0.0,0.0,0.0,0.0,0.0,0.0,0.0,0.0,0.0,0.0,0.0,0.0,0.0,0.0,4.0,2.0,2.0,0.0,2.0,0.0,0.0,0.0,0.0,2.0,0.0,0.0,2.0,0.0,2.0,0.0,0.0,0.0,0.0,2.0,0.0,0.0,0.0,0.0,0.0,0.0,0.0,0.0,0.0,0.0,0.0,0.0,4.0,7.0,5.0,0.0,4.0,0.0,73.36,186.000017064,0.0,0.3076923076923077,0.6153846153846154,587.0,N#CC1=CC=C(C#N)C2=NSN=C21
0.0,0.0,0.0,2.0,0.0,2.0,0.0,0.0,0.0,0.0,0.0,0.0,0.0,4.0,0.0,0.0,0.0,0.0,0.0,0.0,20.0,2.0,0.0,0.0,0.0,0.0,0.0,0.0,0.0,2.0,0.0,0.0,8.0,0.0,2.0,2.0,0.0,0.0,0.0,10.0,2.0,0.0,0.0,4.0,0.0,2.0,0.0,0.0,0.0,2.0,0.0,0.0,8.0,15.0,14.0,4.0,4.0,0.0,57.44,640.0745785199999,0.0,0.08695652173913043,0.6956521739130435,511.0,FC(C(F)=C1F)=C(F)C(F)=C1C(N2C3=CC=C(C#N)C=C3)=CC4=C2C=C(C5=C(F)C(F)=C(F)C(F)=C5F)N4C6=CC=C(C#N)C=C6
0.0,0.0,0.0,2.0,0.0,2.0,0.0,0.0,0.0,0.0,0.0,0.0,0.0,4.0,0.0,0.0,0.0,0.0,0.0,2.0,16.0,2.0,0.0,0.0,0.0,0.0,0.0,0.0,0.0,2.0,0.0,0.0,8.0,0.0,2.0,2.0,0.0,0.0,0.0,14.0,6.0,0.0,0.0,4.0,0.0,2.0,0.0,0.0,0.0,2.0,0.0,0.0,8.0,15.0,10.0,4.0,4.0,0.0,57.44,568.1122657680002,0.0,0.09523809523809523,0.7619047619047619,560.0,FC1=CC(F)=C(C2=CC3=C(C=C(N3C4=CC=C(C=C4)C#N)C5=C(C=C(C(F)=C5)F)F)N2C6=CC=C(C=C6)C#N)C=C1F
0.0,0.0,0.0,0.0,0.0,0.0,0.0,0.0,1.0,0.0,3.0,0.0,0.0,0.0,0.0,0.0,4.0,4.0,0.0,4.0,18.0,0.0,0.0,0.0,1.0,3.0,0.0,0.0,4.0,0.0,0.0,0.0,4.0,0.0,0.0,0.0,0.0,0.0,0.0,8.0,4.0,0.0,0.0,0.0,0.0,1.0,0.0,2.0,0.0,0.0,0.0,0.0,7.0,13.0,9.0,1.0,9.0,6.0,163.67999999999998,460.10457892799997,0.11428571428571428,0.14285714285714285,0.7428571428571429,163.0,Nc(cc(N)c(cc1)c23)c2ccc4c3c1c(N(C5=O)C(c6c5cc7c(C([N]C7=O)=O)c6)=O)cc4N
0.0,0.0,0.0,0.0,0.0,0.0,0.0,0.0,6.0,4.0,2.0,0.0,0.0,2.0,6.0,0.0,0.0,0.0,0.0,0.0,19.0,0.0,6.0,0.0,6.0,2.0,0.0,2.0,0.0,0.0,0.0,0.0,22.0,8.0,0.0,1.0,2.0,0.0,6.0,23.0,1.0,2.0,11.0,0.0,0.0,1.0,0.0,0.0,0.0,0.0,0.0,0.0,13.0,25.0,12.0,7.0,12.0,6.0,182.31,735.270635916,0.05357142857142857,0.16071428571428573,0.7857142857142857,185.0,Nc1ccc(c2nc(c3ccc(N4COc5c(C4)ccc(c6nc(c7ccc(O)cc7)nc(c8ccc(O)cc8)n6)c5)cc3)nc(c9ccc(N)cc9)n2)cc1
6.0,0.0,0.0,0.0,3.0,0.0,0.0,0.0,0.0,0.0,6.0,0.0,0.0,0.0,0.0,0.0,0.0,0.0,3.0,0.0,15.0,0.0,0.0,3.0,9.0,6.0,0.0,0.0,0.0,0.0,3.0,3.0,12.0,0.0,0.0,0.0,0.0,0.0,9.0,12.0,3.0,0.0,0.0,0.0,0.0,0.0,0.0,0.0,0.0,0.0,0.0,3.0,12.0,22.0,24.0,9.0,21.0,12.0,336.8999999999999,720.2792679239999,0.05555555555555555,0.3333333333333333,0.5555555555555556,231.0,Nc7nc(N)nc(/N=C/c6ccc(B5OB(c2ccc(/C=N/c1nc(N)nc(N)n1)cc2)OB(c4ccc(/C=N/c3nc(N)nc(N)n3)cc4)O5)cc6)n7
0.0,0.0,0.0,0.0,0.0,0.0,0.0,0.0,0.0,0.0,0.0,0.0,0.0,0.0,0.0,0.0,0.0,12.0,0.0,0.0,26.0,0.0,0.0,0.0,0.0,0.0,0.0,8.0,0.0,0.0,0.0,0.0,4.0,0.0,0.0,0.0,8.0,0.0,0.0,16.0,12.0,0.0,0.0,0.0,0.0,0.0,0.0,0.0,0.0,0.0,4.0,0.0,12.0,23.0,14.0,2.0,12.0,8.0,198.76,742.1453870080001,0.21428571428571427,0.0,0.75,83.0,Oc(c1)c(O)cc2c1c(cc(O)c(O)c3)c3c4c2cc5c(OB(O5)c6ccc(B7Oc(c8)c(O7)cc9c8c(cc(O)c(O)c%10)c%10c%11c9cc(O)c(O)c%11)cc6)c4
0.0,6.0,0.0,6.0,0.0,0.0,0.0,0.0,0.0,4.0,4.0,0.0,0.0,2.0,0.0,6.0,4.0,10.0,0.0,0.0,38.0,0.0,0.0,0.0,0.0,4.0,0.0,4.0,4.0,0.0,0.0,0.0,12.0,0.0,0.0,2.0,0.0,0.0,0.0,20.0,8.0,4.0,0.0,0.0,5.0,8.0,0.0,6.0,0.0,2.0,0.0,0.0,17.0,34.0,16.0,32.0,16.0,8.0,211.79999999999998,1466.8459998719995,0.03636363636363636,0.10909090909090909,0.8545454545454545,141.0,NC1=CC2=C(C=C1)N(CCCCCC)C3=C2C(N(CCCCCC)C4=C5C=C(N)C=C4)=C5C6=C3C7=C(C=CC(N8C(C(C=C(C(N(C(C=C9)=CC%10=C9C%11=C(N%10CCCCCC)C%12=C(N(CCCCCC)C%13=C%12C=C(N)C=C%13)C%14=C%11N(CCCCCC)C%15=C%14C=C(N)C=C%15)C%16=O)=O)C%16=C%17)=C%17C8=O)=O)=C7)N6CCCCCC
4.0,6.0,0.0,6.0,2.0,0.0,2.0,0.0,0.0,4.0,4.0,0.0,2.0,0.0,0.0,6.0,0.0,6.0,2.0,0.0,32.0,0.0,0.0,2.0,0.0,4.0,0.0,0.0,0.0,0.0,2.0,2.0,16.0,0.0,0.0,0.0,0.0,2.0,0.0,22.0,8.0,4.0,0.0,0.0,4.0,6.0,0.0,6.0,0.0,0.0,0.0,2.0,18.0,35.0,12.0,34.0,12.0,8.0,158.38,1382.8976415199998,0.0,0.11538461538461539,0.8846153846153846,183.0,CCCCCCN1C(C2=C(C3=C4N(C5=C3C=C(C=C5)N)CCCCCC)N(C6=C2C=C(C=C6)N)CCCCCC)=C4C7=C1C=C(C=C7)/N=C/C8=CC=C(/C=N/C9=CC%10=C(C%11=C(C%12=C(C%13=C%11N(C%14=C%13C=C(C=C%14)N)CCCCCC)N(C%15=C%12C=C(C=C%15)N)CCCCCC)N%10CCCCCC)C=C9)C=C8
0.0,0.0,2.0,0.0,1.0,0.0,1.0,0.0,0.0,2.0,1.0,1.0,5.0,0.0,0.0,0.0,0.0,0.0,1.0,0.0,10.0,0.0,0.0,0.0,0.0,1.0,2.0,3.0,4.0,0.0,3.0,1.0,8.0,1.0,0.0,0.0,3.0,1.0,0.0,8.0,0.0,1.0,0.0,0.0,0.0,0.0,0.0,0.0,0.0,0.0,2.0,0.0,8.0,16.0,10.0,6.0,9.0,5.0,167.35,440.0678218519999,0.22580645161290322,0.06451612903225806,0.6774193548387096,42.0,O=S(C1=CC=C(C=C1)/N=C/C2=C(C(C=O)=C(C(C=O)=C2O)O)O)(C3=CC=C(C=C3)N)=O
0.0,5.0,0.0,0.0,4.0,0.0,0.0,2.0,0.0,0.0,0.0,1.0,0.0,0.0,0.0,0.0,5.0,0.0,0.0,0.0,14.0,2.0,0.0,0.0,1.0,0.0,5.0,0.0,5.0,0.0,7.0,0.0,2.0,0.0,0.0,0.0,0.0,0.0,0.0,3.0,0.0,0.0,0.0,0.0,0.0,0.0,0.0,0.0,0.0,0.0,0.0,0.0,9.0,18.0,8.0,4.0,8.0,2.0,122.29999999999998,497.1950709639999,0.13513513513513514,0.08108108108108109,0.7837837837837838,181.0,O=C1/C(C(/C(C(/C1=C/NC2=NC=C(N/C=C3/C(C(/C(C(C\3=C/C)=O)=C/C)=O)=C/C)C=C2)=O)=C/C)=O)=C\C
0.0,1.0,1.0,0.0,1.0,0.0,1.0,0.0,3.0,4.0,2.0,1.0,3.0,0.0,3.0,0.0,0.0,0.0,1.0,0.0,13.0,0.0,3.0,0.0,3.0,2.0,0.0,1.0,1.0,0.0,2.0,1.0,12.0,5.0,0.0,0.0,1.0,1.0,3.0,15.0,2.0,2.0,6.0,0.0,0.0,0.0,0.0,0.0,0.0,0.0,1.0,0.0,9.0,18.0,8.0,6.0,8.0,5.0,140.37,500.19607400800004,0.05263157894736842,0.15789473684210525,0.7894736842105263,354.0,CC1=CC(/C=N/C(C=C2)=CC=C2C3=NC(C4=CC=C(N)C=C4)=NC(C5=CC=C(N)C=C5)=N3)=C(O)C(C=O)=C1
0.0,3.0,0.0,0.0,0.0,0.0,0.0,0.0,0.0,0.0,0.0,0.0,0.0,0.0,0.0,0.0,0.0,0.0,0.0,0.0,12.0,0.0,4.0,0.0,0.0,0.0,2.0,1.0,2.0,0.0,0.0,0.0,24.0,0.0,0.0,0.0,3.0,0.0,0.0,24.0,0.0,0.0,3.0,0.0,0.0,0.0,0.0,0.0,0.0,0.0,0.0,0.0,11.0,21.0,5.0,8.0,4.0,1.0,63.6,622.2177805680001,0.08695652173913043,0.0,0.8913043478260869,430.0,O=S(C1=CC=C(OC2=CC=C(/C(C3=CC=C(C)C=C3)=C(C4=CC=C(C)C=C4)/C5=CC=C(C)C=C5)C=C2)C=C1)(C6=CC=C(O)C=C6)=O
0.0,0.0,2.0,0.0,0.0,0.0,0.0,0.0,0.0,0.0,0.0,0.0,0.0,0.0,0.0,0.0,4.0,3.0,0.0,4.0,18.0,0.0,0.0,0.0,0.0,0.0,2.0,2.0,6.0,0.0,3.0,0.0,0.0,0.0,0.0,0.0,0.0,0.0,0.0,5.0,5.0,0.0,0.0,2.0,0.0,3.0,0.0,0.0,0.0,0.0,2.0,0.0,8.0,15.0,9.0,3.0,6.0,0.0,102.41999999999999,525.96395104,0.16666666666666666,0.0,0.75,322.0,O=CC1=CC2=C3C(C=C(C=O)S3)=C4C(C=C(/C=C5C(C(C=C(C(CC6=O)=O)C6=C7)=C7C\5=O)=O)S4)=C2S1
0.0,0.0,2.0,0.0,1.0,0.0,1.0,0.0,2.0,2.0,1.0,1.0,2.0,3.0,0.0,0.0,0.0,2.0,1.0,2.0,19.0,0.0,0.0,0.0,0.0,1.0,0.0,0.0,2.0,0.0,3.0,1.0,18.0,1.0,0.0,0.0,0.0,1.0,0.0,19.0,4.0,1.0,4.0,0.0,0.0,0.0,0.0,2.0,2.0,0.0,2.0,3.0,12.0,23.0,6.0,6.0,6.0,2.0,98.79999999999998,608.1736072479999,0.0851063829787234,0.0425531914893617,0.8723404255319149,18.0,NC(C=C1)=CC=C1C2=C(C=C3)C4=C(C=C2)OC5=C(C4=C3O6)C7=C6C=CC(C(C=C8)=CC=C8/N=C/C9=CC(C=O)=CC(C=O)=C9)=C7C=C5
0.0,2.0,0.0,0.0,0.0,0.0,0.0,1.0,2.0,2.0,1.0,1.0,0.0,0.0,0.0,0.0,3.0,2.0,2.0,2.0,22.0,1.0,0.0,0.0,0.0,1.0,3.0,0.0,3.0,0.0,3.0,0.0,18.0,1.0,0.0,0.0,0.0,0.0,0.0,16.0,0.0,1.0,4.0,0.0,0.0,0.0,0.0,2.0,0.0,0.0,0.0,0.0,12.0,23.0,7.0,4.0,7.0,3.0,115.53999999999998,652.199821996,0.1,0.04,0.86,55.0,NC1=CC=C(C2=C3C=CC(OC4=C5C(C=C6)=C(C7=CC=C(N/C=C8C(/C(C(/C(C\8=O)=C\C)=O)=C/C)=O)C=C7)C=C4)=C9C5=C6OC(C=C2)=C39)C=C1
6.0,0.0,2.0,1.0,1.0,0.0,1.0,0.0,0.0,2.0,1.0,1.0,2.0,0.0,0.0,0.0,0.0,0.0,1.0,0.0,8.0,0.0,0.0,1.0,0.0,1.0,0.0,0.0,2.0,0.0,3.0,1.0,16.0,1.0,0.0,0.0,0.0,1.0,0.0,16.0,1.0,1.0,0.0,0.0,2.0,0.0,0.0,0.0,2.0,0.0,2.0,3.0,9.0,17.0,5.0,7.0,4.0,2.0,72.52,436.134064542,0.0625,0.0625,0.84375,100.0,NC(C=C1)=CC=C1/N=C/C(C=C2)=CC=C2P(C3=CC=C(C=O)C=C3)C4=CC=C(C=O)C=C4
0.0,0.0,3.0,0.0,1.0,0.0,1.0,0.0,0.0,1.0,1.0,0.0,1.0,0.0,0.0,0.0,2.0,0.0,1.0,4.0,14.0,0.0,0.0,0.0,0.0,1.0,2.0,0.0,5.0,0.0,4.0,1.0,4.0,0.0,0.0,0.0,0.0,1.0,0.0,6.0,2.0,1.0,0.0,0.0,0.0,0.0,0.0,0.0,0.0,0.0,3.0,0.0,9.0,18.0,11.0,5.0,7.0,2.0,123.72999999999999,535.962905484,0.14285714285714285,0.05714285714285714,0.6857142857142857,752.0,NC1=CC(C2=O)=C(C=C1)C(C3=C2C=CC(/N=C/C(S/4)=C(C=O)SC4=C5SC(C=O)=C(C=O)S/5)=C3)=O
8.0,0.0,3.0,0.0,1.0,0.0,1.0,0.0,4.0,6.0,3.0,1.0,2.0,0.0,0.0,6.0,0.0,4.0,1.0,4.0,28.0,0.0,0.0,1.0,0.0,3.0,0.0,0.0,3.0,0.0,4.0,1.0,40.0,3.0,0.0,0.0,0.0,1.0,0.0,42.0,3.0,3.0,8.0,0.0,3.0,0.0,0.0,14.0,3.0,0.0,3.0,4.0,16.0,32.0,9.0,15.0,9.0,6.0,148.10999999999999,1072.410089524,0.03614457831325301,0.07228915662650602,0.891566265060241,189.0,NC(C=C1)=CC=C1N(C2=CC=C(N(C3=CC=C(N)C=C3)C4=CC=C(N)C=C4)C=C2)C(C=C5)=CC=C5/N=C/C(C=C6)=CC=C6C(C=C7C8=CC=C(C=O)C=C8)=C9C=CC%10=C(C9=C7C=C%11)C%11=C(C%12=CC=C(C=O)C=C%12)C=C%10C%13=CC=C(C=O)C=C%13
8.0,0.0,3.0,0.0,1.0,0.0,1.0,0.0,8.0,6.0,3.0,1.0,2.0,0.0,0.0,6.0,0.0,0.0,1.0,0.0,26.0,0.0,4.0,1.0,0.0,3.0,0.0,0.0,3.0,0.0,4.0,1.0,52.0,3.0,0.0,0.0,2.0,1.0,0.0,52.0,1.0,3.0,16.0,0.0,3.0,0.0,8.0,12.0,3.0,0.0,3.0,4.0,18.0,36.0,9.0,19.0,9.0,6.0,148.10999999999999,1202.488339844,0.03225806451612903,0.06451612903225806,0.9032258064516129,237.0,NC(C=C1)=CC=C1N(C2=CC=C(N(C3=CC=C(N)C=C3)C4=CC=C(N)C=C4)C=C2)C(C=C5)=CC=C5/N=C/C(C=C6)=CC=C6C7=CC=C(/C(C8=CC=C(C9=CC=C(C=O)C=C9)C=C8)=C(C%10=CC=C(C%11=CC=C(C=O)C=C%11)C=C%10)/C%12=CC=C(C%13=CC=C(C=O)C=C%13)C=C%12)C=C7
0.0,0.0,0.0,0.0,0.0,0.0,0.0,1.0,0.0,1.0,1.0,2.0,0.0,0.0,0.0,3.0,2.0,0.0,0.0,4.0,14.0,0.0,0.0,0.0,0.0,1.0,2.0,0.0,2.0,0.0,0.0,0.0,16.0,0.0,0.0,0.0,0.0,0.0,0.0,18.0,2.0,1.0,0.0,0.0,0.0,0.0,0.0,6.0,0.0,0.0,0.0,0.0,10.0,19.0,7.0,5.0,5.0,3.0,75.43,637.0000511120002,0.05128205128205128,0.07692307692307693,0.8205128205128205,576.0,NC1=CC2=C(C=C1)C(C3=CC(NC4=CC=C(N(C5=CC=C(Br)C=C5)C6=CC=C(Br)C=C6)C=C4)=CC=C3C2=O)=O
0.0,0.0,0.0,0.0,0.0,0.0,0.0,1.0,6.0,1.0,1.0,2.0,0.0,0.0,0.0,0.0,2.0,0.0,0.0,4.0,17.0,0.0,0.0,0.0,0.0,1.0,2.0,0.0,2.0,0.0,0.0,0.0,16.0,0.0,0.0,0.0,0.0,0.0,0.0,21.0,5.0,1.0,6.0,0.0,0.0,0.0,3.0,0.0,0.0,0.0,0.0,0.0,11.0,21.0,6.0,5.0,4.0,3.0,72.19,698.020452208,0.045454545454545456,0.045454545454545456,0.8636363636363636,165.0,NC1=CC2=C(C=C1)C(C3=CC(NC4=CC=C(C5=CC(C6=CC=C(Br)C=C6)=CC(C7=CC=C(Br)C=C7)=C5)C=C4)=CC=C3C2=O)=O
0.0,1.0,0.0,2.0,0.0,0.0,0.0,1.0,0.0,1.0,1.0,2.0,0.0,2.0,0.0,0.0,2.0,2.0,0.0,4.0,16.0,0.0,0.0,0.0,0.0,1.0,2.0,0.0,2.0,0.0,0.0,0.0,12.0,0.0,0.0,1.0,0.0,0.0,0.0,16.0,4.0,1.0,0.0,0.0,0.0,1.0,0.0,0.0,0.0,1.0,0.0,0.0,9.0,18.0,7.0,3.0,5.0,3.0,77.12,634.984401048,0.05128205128205128,0.07692307692307693,0.8205128205128205,210.0,NC1=CC2=C(C=C1)C(C3=CC(NC4=CC=C(C(C=C(Br)C=C5)=C5N6C7=CC=C(Br)C=C7)C6=C4)=CC=C3C2=O)=O
0.0,0.0,0.0,0.0,0.0,0.0,0.0,1.0,0.0,1.0,1.0,2.0,0.0,0.0,0.0,0.0,2.0,0.0,0.0,4.0,16.0,0.0,0.0,0.0,0.0,1.0,2.0,0.0,2.0,0.0,0.0,0.0,20.0,0.0,0.0,0.0,0.0,0.0,0.0,22.0,2.0,1.0,0.0,0.0,0.0,0.0,0.0,0.0,0.0,0.0,0.0,0.0,10.0,19.0,7.0,6.0,4.0,3.0,72.19,789.9466143400001,0.043478260869565216,0.043478260869565216,0.8478260869565217,208.0,NC1=CC2=C(C=C1)C(C3=CC(NC4=CC=C(C(C5=CC=C(Br)C=C5)(C6=CC=C(Br)C=C6)C7=CC=C(Br)C=C7)C=C4)=CC=C3C2=O)=O
0.0,0.0,0.0,0.0,0.0,0.0,0.0,1.0,0.0,1.0,1.0,2.0,0.0,0.0,0.0,0.0,2.0,0.0,0.0,8.0,20.0,0.0,0.0,0.0,0.0,1.0,2.0,0.0,2.0,0.0,0.0,0.0,12.0,0.0,0.0,0.0,0.0,0.0,0.0,18.0,6.0,5.0,0.0,0.0,0.0,0.0,0.0,0.0,0.0,0.0,0.0,0.0,10.0,19.0,7.0,2.0,4.0,3.0,72.19,785.9153142120001,0.043478260869565216,0.043478260869565216,0.8478260869565217,208.0,NC1=CC2=C(C=C1)C(C3=CC(NC4=CC=C(C(C5=C6C=C(Br)C=C5)(C7=CC=C(Br)C=C76)C8=CC=C(Br)C=C89)C9=C4)=CC=C3C2=O)=O
0.0,10.0,0.0,0.0,0.0,0.0,0.0,0.0,0.0,0.0,0.0,0.0,0.0,0.0,0.0,4.0,4.0,0.0,0.0,4.0,26.0,0.0,3.0,0.0,9.0,0.0,0.0,0.0,4.0,0.0,0.0,0.0,10.0,3.0,0.0,0.0,0.0,0.0,3.0,12.0,2.0,0.0,0.0,0.0,0.0,2.0,0.0,2.0,0.0,0.0,0.0,0.0,16.0,31.0,17.0,44.0,9.0,0.0,113.43,1721.454513564,0.04,0.05,0.83,425.0,O=C(N1CC(CCCCCCCC)CCCCCCCCCC)C2=CC(C3=CC=C(Br)S3)=C4C(C2=C5C1=O)=C(C(N(CC(CCCCCCCC)CCCCCCCCCC)C4=O)=O)C=C5C6=CC=C(S6)C(S7)=CC=C7C8=NC(C9=CC=C([Sn](C)(C)C)S9)=NC(C%10=CC=C([Sn](C)(C)C)S%10)=N8
0.0,0.0,2.0,0.0,1.0,0.0,0.0,0.0,0.0,0.0,1.0,0.0,1.0,0.0,0.0,0.0,0.0,2.0,1.0,0.0,8.0,0.0,0.0,0.0,0.0,1.0,0.0,1.0,2.0,0.0,3.0,1.0,4.0,0.0,0.0,0.0,1.0,0.0,0.0,8.0,3.0,0.0,0.0,0.0,0.0,0.0,0.0,0.0,0.0,0.0,2.0,1.0,6.0,11.0,5.0,4.0,5.0,3.0,92.75,318.100442308,0.125,0.08333333333333333,0.7916666666666666,583.0,NC1=C(C=CC=C2/N=C/C3=CC(C=O)=C(O)C(C=O)=C3)C2=CC=C1
0.0,0.0,2.0,0.0,1.0,0.0,0.0,0.0,0.0,0.0,1.0,0.0,2.0,0.0,0.0,0.0,0.0,2.0,1.0,0.0,9.0,0.0,0.0,0.0,0.0,1.0,0.0,2.0,2.0,0.0,3.0,1.0,4.0,0.0,0.0,0.0,2.0,0.0,0.0,8.0,1.0,0.0,0.0,0.0,0.0,0.0,0.0,0.0,0.0,0.0,2.0,0.0,6.0,11.0,6.0,4.0,6.0,4.0,112.98,334.0953569279999,0.16,0.08,0.76,362.0,NC1=C(C2=CC=C1)C=CC=C2/N=C/C3=CC(C=O)=C(C(C=O)=C3O)O
0.0,0.0,1.0,0.0,0.0,0.0,0.0,1.0,0.0,0.0,3.0,0.0,2.0,0.0,0.0,0.0,0.0,0.0,0.0,0.0,10.0,0.0,0.0,0.0,0.0,3.0,0.0,4.0,1.0,0.0,1.0,0.0,0.0,0.0,0.0,0.0,4.0,0.0,0.0,2.0,2.0,0.0,0.0,0.0,0.0,0.0,0.0,0.0,0.0,0.0,1.0,0.0,6.0,12.0,9.0,4.0,9.0,11.0,188.08,320.112069612,0.21739130434782608,0.17391304347826086,0.6086956521739131,3.0,OC1=C(NCC2=C(O)C=C(C=O)C(O)=C2)C(N)=C(O)C(N)=C1N
0.0,0.0,0.0,0.0,0.0,0.0,0.0,0.0,0.0,0.0,6.0,0.0,0.0,0.0,0.0,0.0,8.0,0.0,0.0,4.0,22.0,0.0,0.0,0.0,0.0,6.0,4.0,0.0,8.0,0.0,0.0,0.0,4.0,0.0,0.0,0.0,0.0,0.0,0.0,4.0,0.0,0.0,0.0,0.0,0.0,2.0,0.0,2.0,0.0,0.0,0.0,0.0,9.0,17.0,16.0,2.0,16.0,12.0,299.16,568.109109472,0.19047619047619047,0.19047619047619047,0.6190476190476191,284.0,O=C(C(C=C1)=C2C3=C1C(N(C4=C(N)C(C(N)=C(N)C4=O)=O)C(C3=CC=C25)=O)=O)N(C6=C(N)C(C(N)=C(N)C6=O)=O)C5=O
0.0,2.0,1.0,0.0,1.0,0.0,1.0,0.0,4.0,6.0,3.0,1.0,2.0,0.0,0.0,2.0,2.0,4.0,1.0,4.0,28.0,0.0,0.0,0.0,0.0,3.0,0.0,0.0,3.0,0.0,2.0,1.0,20.0,3.0,2.0,0.0,0.0,1.0,0.0,26.0,5.0,3.0,8.0,0.0,0.0,2.0,0.0,2.0,1.0,0.0,1.0,2.0,16.0,31.0,11.0,23.0,9.0,6.0,148.10999999999999,1128.479432036,0.03614457831325301,0.07228915662650602,0.8674698795180723,227.0,O=C1C(C2=C(C3=CC(/C=N/C4=CC=C(C5=C(C=CC6=C(C7=CC=C(N)C=C7)C=C(C8=CC=C(N)C=C8)C(C=C9)=C6%10)C%10=C9C(C%11=CC=C(N)C=C%11)=C5)C=C4)=CS3)N1CCCCCCCC)=C(C%12=CC(C=O)=CS%12)N(CCCCCCCC)C2=O
0.0,2.0,1.0,0.0,1.0,0.0,1.0,0.0,6.0,4.0,2.0,1.0,2.0,0.0,0.0,2.0,2.0,0.0,1.0,0.0,19.0,0.0,0.0,0.0,0.0,2.0,0.0,0.0,3.0,0.0,2.0,1.0,14.0,2.0,2.0,0.0,0.0,1.0,0.0,19.0,4.0,2.0,6.0,0.0,0.0,3.0,3.0,0.0,1.0,0.0,1.0,1.0,14.0,28.0,10.0,22.0,8.0,4.0,122.09,913.4059327480002,0.045454545454545456,0.07575757575757576,0.8484848484848485,50.0,O=C1C(C2=C(C3=CC=C(/C=N/C4=CC=C(C5=CC(C6=CC=C(N)C=C6)=CC(C7=CC=C(N)C=C7)=C5)C=C4)S3)N1CCCCCCCC)=C(C8=CC(C=O)=CS8)N(CCCCCCCC)C2=O
4.0,0.0,1.0,0.0,1.0,0.0,1.0,0.0,8.0,6.0,3.0,1.0,2.0,0.0,0.0,0.0,0.0,0.0,1.0,4.0,22.0,0.0,0.0,1.0,0.0,3.0,0.0,0.0,1.0,0.0,2.0,1.0,28.0,3.0,0.0,0.0,0.0,1.0,0.0,32.0,5.0,3.0,12.0,0.0,1.0,0.0,4.0,0.0,1.0,0.0,1.0,2.0,12.0,23.0,5.0,7.0,5.0,6.0,107.49000000000001,796.3202119,0.016129032258064516,0.06451612903225806,0.9193548387096774,251.0,NC1=CC=C(C2=CC=C3C(C4(C5=C3C=CC(C6=CC=C(N)C=C6)=C5)C7=CC(C8=CC=C(N)C=C8)=CC=C7C9=C4C=C(C%10=CC=C(/N=C/C%11=CC=C(C=O)C=C%11)C=C%10)C=C9)=C2)C=C1
6.0,0.0,2.0,0.0,4.0,0.0,0.0,0.0,2.0,0.0,1.0,0.0,0.0,0.0,0.0,0.0,0.0,0.0,2.0,0.0,12.0,0.0,0.0,1.0,0.0,1.0,0.0,2.0,2.0,0.0,3.0,1.0,16.0,0.0,0.0,0.0,2.0,0.0,0.0,18.0,3.0,0.0,2.0,0.0,2.0,0.0,0.0,0.0,2.0,0.0,2.0,3.0,11.0,21.0,7.0,8.0,6.0,4.0,112.97999999999999,634.0852479800001,0.1,0.05,0.825,768.0,O=CC(C=C1)=CC=C1[Sb](C2=CC=C(/C=N/C3=CC=C(C4=CC(O)=C(N)C=C4)C=C3O)C=C2)C5=CC=C(C=O)C=C5
6.0,0.0,2.0,0.0,4.0,0.0,1.0,0.0,2.0,2.0,1.0,1.0,2.0,0.0,0.0,0.0,0.0,0.0,1.0,0.0,10.0,0.0,0.0,1.0,0.0,1.0,0.0,0.0,2.0,0.0,3.0,1.0,20.0,1.0,0.0,0.0,0.0,1.0,0.0,20.0,1.0,1.0,4.0,0.0,2.0,0.0,2.0,0.0,2.0,0.0,2.0,3.0,11.0,21.0,5.0,8.0,4.0,2.0,72.52,602.09541874,0.05263157894736842,0.05263157894736842,0.868421052631579,393.0,O=CC1=CC=C([Sb](C2=CC=C(C=C2)C=O)C3=CC=C(C=C3)/C=N/C4=CC=C(C=C4[H])C5=CC([H])=C(C=C5)N)C=C1
0.0,0.0,0.0,0.0,0.0,0.0,0.0,0.0,0.0,0.0,0.0,0.0,0.0,0.0,0.0,0.0,0.0,6.0,0.0,0.0,14.0,0.0,0.0,0.0,0.0,0.0,0.0,4.0,0.0,0.0,0.0,0.0,4.0,0.0,0.0,0.0,6.0,0.0,0.0,10.0,6.0,0.0,0.0,0.0,0.0,0.0,0.0,0.0,0.0,0.0,2.0,0.0,8.0,15.0,10.0,2.0,8.0,6.0,139.84,454.10312827199994,0.23529411764705882,0.0,0.7058823529411765,40.0,OC1=CC2=C(C=C(O)C(O)=C3)C3=C(C=C(OB(C4=CC=C(B(O)O)C=C4)O5)C5=C6)C6=C2C=C1O
